-- MySQL Script generated by MySQL Workbench
-- Fri Mar 11 13:49:06 2022
-- Model: New Model    Version: 1.0
-- MySQL Workbench Forward Engineering

SET @OLD_UNIQUE_CHECKS=@@UNIQUE_CHECKS, UNIQUE_CHECKS=0;
SET @OLD_FOREIGN_KEY_CHECKS=@@FOREIGN_KEY_CHECKS, FOREIGN_KEY_CHECKS=0;
SET @OLD_SQL_MODE=@@SQL_MODE, SQL_MODE='TRADITIONAL,ALLOW_INVALID_DATES';

-- -----------------------------------------------------
-- Schema remittance
-- -----------------------------------------------------
DROP SCHEMA IF EXISTS `remittance` ;

-- -----------------------------------------------------
-- Schema remittance
-- -----------------------------------------------------
CREATE SCHEMA IF NOT EXISTS `remittance` DEFAULT CHARACTER SET utf8 ;
SHOW WARNINGS;
USE `remittance` ;

-- -----------------------------------------------------
-- Table `remittance`.`api`
-- -----------------------------------------------------
DROP TABLE IF EXISTS `remittance`.`api` ;

SHOW WARNINGS;
CREATE TABLE IF NOT EXISTS `remittance`.`api` (
  `api_id` BIGINT(20) NOT NULL AUTO_INCREMENT,
  `api_name` VARCHAR(45) NOT NULL,
  PRIMARY KEY (`api_id`))
ENGINE = InnoDB;

SHOW WARNINGS;

-- -----------------------------------------------------
-- Table `remittance`.`api_field`
-- -----------------------------------------------------
DROP TABLE IF EXISTS `remittance`.`api_field` ;

SHOW WARNINGS;
CREATE TABLE IF NOT EXISTS `remittance`.`api_field` (
  `api_field_id` BIGINT(20) NOT NULL AUTO_INCREMENT,
  `api_id` BIGINT(20) NOT NULL,
  `api_field_name` VARCHAR(100) NOT NULL,
  `datatype` VARCHAR(50) NULL,
  `mandatory` BIT(1) NULL,
  PRIMARY KEY (`api_field_id`),
  INDEX `fk_corporate_field_corporate_idx` (`api_id` ASC),
  CONSTRAINT `fk_corporate_field_corporate`
    FOREIGN KEY (`api_id`)
    REFERENCES `remittance`.`api` (`api_id`)
    ON DELETE NO ACTION
    ON UPDATE NO ACTION)
ENGINE = InnoDB;

SHOW WARNINGS;

-- -----------------------------------------------------
-- Table `remittance`.`corporate_user`
-- -----------------------------------------------------
DROP TABLE IF EXISTS `remittance`.`corporate_user` ;

SHOW WARNINGS;
CREATE TABLE IF NOT EXISTS `remittance`.`corporate_user` (
  `corporate_user_id` BIGINT(20) NOT NULL AUTO_INCREMENT,
  `email` VARCHAR(45) NOT NULL,
  `password` VARCHAR(45) NOT NULL,
  PRIMARY KEY (`corporate_user_id`))
ENGINE = InnoDB;

SHOW WARNINGS;

-- -----------------------------------------------------
-- Table `remittance`.`roles`
-- -----------------------------------------------------

CREATE TABLE `roles` (
 `id` int(11) NOT NULL AUTO_INCREMENT,
 `name` varchar(20) DEFAULT NULL,
 PRIMARY KEY (`id`)
) 
ENGINE = InnoDB;

SHOW WARNINGS;

-- -----------------------------------------------------
-- Table `remittance`.`corporate_field`
-- -----------------------------------------------------
DROP TABLE IF EXISTS `remittance`.`corporate_field` ;

SHOW WARNINGS;
CREATE TABLE IF NOT EXISTS `remittance`.`corporate_field` (
  `corporate_field_id` BIGINT(20) NOT NULL AUTO_INCREMENT,
  `corporate_user_id` BIGINT(20) NOT NULL,
  `corporate_field_name` VARCHAR(45) NOT NULL,
  PRIMARY KEY (`corporate_field_id`),
  INDEX `fk_corporate_user_field_corporate_user1_idx` (`corporate_user_id` ASC),
  CONSTRAINT `fk_corporate_user_field_corporate_user1`
    FOREIGN KEY (`corporate_user_id`)
    REFERENCES `remittance`.`corporate_user` (`corporate_user_id`)
    ON DELETE NO ACTION
    ON UPDATE NO ACTION)
ENGINE = InnoDB;

SHOW WARNINGS;

-- -----------------------------------------------------
-- Table `remittance`.`transaction`
-- -----------------------------------------------------
DROP TABLE IF EXISTS `remittance`.`transaction` ;

SHOW WARNINGS;
CREATE TABLE IF NOT EXISTS `remittance`.`transaction` (
  `transaction_id` BIGINT(20) NOT NULL AUTO_INCREMENT,
  `corporate_user_id` BIGINT(20) NOT NULL,
  `transaction_date` DATETIME NULL DEFAULT CURRENT_TIMESTAMP(),
  PRIMARY KEY (`transaction_id`),
  INDEX `fk_transaction_corporate_user1_idx` (`corporate_user_id` ASC),
  CONSTRAINT `fk_transaction_corporate_user1`
    FOREIGN KEY (`corporate_user_id`)
    REFERENCES `remittance`.`corporate_user` (`corporate_user_id`)
    ON DELETE NO ACTION
    ON UPDATE NO ACTION)
ENGINE = InnoDB;

SHOW WARNINGS;

-- -----------------------------------------------------
-- Table `remittance`.`selected_field`
-- -----------------------------------------------------
DROP TABLE IF EXISTS `remittance`.`selected_field` ;

SHOW WARNINGS;
CREATE TABLE IF NOT EXISTS `remittance`.`selected_field` (
  `selected_field_id` BIGINT(20) NOT NULL AUTO_INCREMENT,
  `api_field_id` BIGINT(20) NOT NULL,
  `selected_field_code` VARCHAR(20) NOT NULL,
  `selected_field_value` VARCHAR(100) NULL,
  PRIMARY KEY (`selected_field_id`),
  INDEX `fk_selected_fields_api_field1_idx` (`api_field_id` ASC),
  CONSTRAINT `fk_selected_fields_api_field1`
    FOREIGN KEY (`api_field_id`)
    REFERENCES `remittance`.`api_field` (`api_field_id`)
    ON DELETE NO ACTION
    ON UPDATE NO ACTION)
ENGINE = InnoDB;

SHOW WARNINGS;

-- -----------------------------------------------------
-- Table `remittance`.`field_mapping`
-- -----------------------------------------------------
DROP TABLE IF EXISTS `remittance`.`field_mapping` ;

SHOW WARNINGS;
CREATE TABLE IF NOT EXISTS `remittance`.`field_mapping` (
  `api_field_id` BIGINT(20) NOT NULL,
  `corporate_field_id` BIGINT(20) NOT NULL,
  PRIMARY KEY (`corporate_field_id`, `api_field_id`),
  INDEX `fk_api_field_has_corporate_user_field_corporate_user_field1_idx` (`corporate_field_id` ASC),
  INDEX `fk_api_field_has_corporate_user_field_api_field1_idx` (`api_field_id` ASC),
  CONSTRAINT `fk_api_field_has_corporate_user_field_api_field1`
    FOREIGN KEY (`api_field_id`)
    REFERENCES `remittance`.`api_field` (`api_field_id`)
    ON DELETE NO ACTION
    ON UPDATE NO ACTION,
  CONSTRAINT `fk_api_field_has_corporate_user_field_corporate_user_field1`
    FOREIGN KEY (`corporate_field_id`)
    REFERENCES `remittance`.`corporate_field` (`corporate_field_id`)
    ON DELETE NO ACTION
    ON UPDATE NO ACTION)
ENGINE = InnoDB;

SHOW WARNINGS;

SET SQL_MODE=@OLD_SQL_MODE;
SET FOREIGN_KEY_CHECKS=@OLD_FOREIGN_KEY_CHECKS;
SET UNIQUE_CHECKS=@OLD_UNIQUE_CHECKS;

-- -----------------------------------------------------
-- Data for table `remittance`.`api`
-- -----------------------------------------------------
START TRANSACTION;
USE `remittance`;
INSERT INTO `remittance`.`api` (`api_id`, `api_name`) VALUES (1, 'FinanceNow');
INSERT INTO `remittance`.`api` (`api_id`, `api_name`) VALUES (2, 'EverywhereRemit');
INSERT INTO `remittance`.`api` (`api_id`, `api_name`) VALUES (3, 'PaymentGo');

COMMIT;


-- -----------------------------------------------------
-- Data for table `remittance`.`api_field`
-- -----------------------------------------------------
START TRANSACTION;
USE `remittance`;
INSERT INTO `remittance`.`api_field` (`api_field_id`, `api_id`, `api_field_name`, `datatype`, `mandatory`) VALUES (1, 1, 'BankAccountNumber', 'String', 0);
INSERT INTO `remittance`.`api_field` (`api_field_id`, `api_id`, `api_field_name`, `datatype`, `mandatory`) VALUES (2, 1, 'PaymentMode', 'String', 0);
INSERT INTO `remittance`.`api_field` (`api_field_id`, `api_id`, `api_field_name`, `datatype`, `mandatory`) VALUES (3, 1, 'PayoutCurrency', 'String', 0);
INSERT INTO `remittance`.`api_field` (`api_field_id`, `api_id`, `api_field_name`, `datatype`, `mandatory`) VALUES (4, 1, 'PurposeOfRemittance', 'String', 0);
INSERT INTO `remittance`.`api_field` (`api_field_id`, `api_id`, `api_field_name`, `datatype`, `mandatory`) VALUES (5, 1, 'ReceiverAddress', 'String', 0);
INSERT INTO `remittance`.`api_field` (`api_field_id`, `api_id`, `api_field_name`, `datatype`, `mandatory`) VALUES (6, 1, 'ReceiverCity', 'String', 0);
INSERT INTO `remittance`.`api_field` (`api_field_id`, `api_id`, `api_field_name`, `datatype`, `mandatory`) VALUES (7, 1, 'ReceiverCountry', 'String', 0);
INSERT INTO `remittance`.`api_field` (`api_field_id`, `api_id`, `api_field_name`, `datatype`, `mandatory`) VALUES (8, 1, 'ReceiverFirstName', 'String', 0);
INSERT INTO `remittance`.`api_field` (`api_field_id`, `api_id`, `api_field_name`, `datatype`, `mandatory`) VALUES (9, 1, 'ReceiverIdNumber', 'String', 0);
INSERT INTO `remittance`.`api_field` (`api_field_id`, `api_id`, `api_field_name`, `datatype`, `mandatory`) VALUES (10, 1, 'ReceiverIdType', 'String', 0);
INSERT INTO `remittance`.`api_field` (`api_field_id`, `api_id`, `api_field_name`, `datatype`, `mandatory`) VALUES (11, 1, 'ReceiverLastName', 'String', 0);
INSERT INTO `remittance`.`api_field` (`api_field_id`, `api_id`, `api_field_name`, `datatype`, `mandatory`) VALUES (12, 1, 'SenderAddress', 'String', 0);
INSERT INTO `remittance`.`api_field` (`api_field_id`, `api_id`, `api_field_name`, `datatype`, `mandatory`) VALUES (13, 1, 'SenderBeneficiaryRelationship', 'String', 0);
INSERT INTO `remittance`.`api_field` (`api_field_id`, `api_id`, `api_field_name`, `datatype`, `mandatory`) VALUES (14, 1, 'SenderCity', 'String', 0);
INSERT INTO `remittance`.`api_field` (`api_field_id`, `api_id`, `api_field_name`, `datatype`, `mandatory`) VALUES (15, 1, 'SenderCountry', 'String', 0);
INSERT INTO `remittance`.`api_field` (`api_field_id`, `api_id`, `api_field_name`, `datatype`, `mandatory`) VALUES (16, 1, 'SenderDateOfBirth', 'String', 0);
INSERT INTO `remittance`.`api_field` (`api_field_id`, `api_id`, `api_field_name`, `datatype`, `mandatory`) VALUES (17, 1, 'SenderFirstName', 'String', 0);
INSERT INTO `remittance`.`api_field` (`api_field_id`, `api_id`, `api_field_name`, `datatype`, `mandatory`) VALUES (18, 1, 'SenderIdNumber', 'String', 0);
INSERT INTO `remittance`.`api_field` (`api_field_id`, `api_id`, `api_field_name`, `datatype`, `mandatory`) VALUES (19, 1, 'SenderIdType', 'String', 0);
INSERT INTO `remittance`.`api_field` (`api_field_id`, `api_id`, `api_field_name`, `datatype`, `mandatory`) VALUES (20, 1, 'SenderLastName', 'String', 0);
INSERT INTO `remittance`.`api_field` (`api_field_id`, `api_id`, `api_field_name`, `datatype`, `mandatory`) VALUES (21, 1, 'SenderNationality', 'String', 0);
INSERT INTO `remittance`.`api_field` (`api_field_id`, `api_id`, `api_field_name`, `datatype`, `mandatory`) VALUES (22, 1, 'SenderSourceOfFund', 'String', 0);
INSERT INTO `remittance`.`api_field` (`api_field_id`, `api_id`, `api_field_name`, `datatype`, `mandatory`) VALUES (23, 1, 'SenderState', 'String', 0);
INSERT INTO `remittance`.`api_field` (`api_field_id`, `api_id`, `api_field_name`, `datatype`, `mandatory`) VALUES (24, 1, 'ReceiverNationality', 'String', 0);
INSERT INTO `remittance`.`api_field` (`api_field_id`, `api_id`, `api_field_name`, `datatype`, `mandatory`) VALUES (25, 2, 'source_type', 'String', 0);
INSERT INTO `remittance`.`api_field` (`api_field_id`, `api_id`, `api_field_name`, `datatype`, `mandatory`) VALUES (26, 2, 'sender_country', 'String', 0);
INSERT INTO `remittance`.`api_field` (`api_field_id`, `api_id`, `api_field_name`, `datatype`, `mandatory`) VALUES (27, 2, 'segment', 'String', 0);
INSERT INTO `remittance`.`api_field` (`api_field_id`, `api_id`, `api_field_name`, `datatype`, `mandatory`) VALUES (28, 2, 'sender_legal_name_first', 'String', 0);
INSERT INTO `remittance`.`api_field` (`api_field_id`, `api_id`, `api_field_name`, `datatype`, `mandatory`) VALUES (29, 2, 'sender_legal_name_last', 'String', 0);
INSERT INTO `remittance`.`api_field` (`api_field_id`, `api_id`, `api_field_name`, `datatype`, `mandatory`) VALUES (30, 2, 'sender_date_of_birth', 'String', 0);
INSERT INTO `remittance`.`api_field` (`api_field_id`, `api_id`, `api_field_name`, `datatype`, `mandatory`) VALUES (31, 2, 'sender_nationality', 'String', 0);
INSERT INTO `remittance`.`api_field` (`api_field_id`, `api_id`, `api_field_name`, `datatype`, `mandatory`) VALUES (32, 2, 'sender_id_type', 'String', 0);
INSERT INTO `remittance`.`api_field` (`api_field_id`, `api_id`, `api_field_name`, `datatype`, `mandatory`) VALUES (33, 2, 'sender_id_country', 'String', 0);
INSERT INTO `remittance`.`api_field` (`api_field_id`, `api_id`, `api_field_name`, `datatype`, `mandatory`) VALUES (34, 2, 'sender_id_number', 'String', 0);
INSERT INTO `remittance`.`api_field` (`api_field_id`, `api_id`, `api_field_name`, `datatype`, `mandatory`) VALUES (35, 2, 'sender_currency', 'String', 0);
INSERT INTO `remittance`.`api_field` (`api_field_id`, `api_id`, `api_field_name`, `datatype`, `mandatory`) VALUES (36, 2, 'sender_address_line', 'String', 0);
INSERT INTO `remittance`.`api_field` (`api_field_id`, `api_id`, `api_field_name`, `datatype`, `mandatory`) VALUES (37, 2, 'sender_address_city', 'String', 0);
INSERT INTO `remittance`.`api_field` (`api_field_id`, `api_id`, `api_field_name`, `datatype`, `mandatory`) VALUES (38, 2, 'sender_address_country', 'String', 0);
INSERT INTO `remittance`.`api_field` (`api_field_id`, `api_id`, `api_field_name`, `datatype`, `mandatory`) VALUES (39, 2, 'recipient_type', 'String', 0);
INSERT INTO `remittance`.`api_field` (`api_field_id`, `api_id`, `api_field_name`, `datatype`, `mandatory`) VALUES (40, 2, 'recipient_country', 'String', 0);
INSERT INTO `remittance`.`api_field` (`api_field_id`, `api_id`, `api_field_name`, `datatype`, `mandatory`) VALUES (41, 2, 'recipient_legal_name_first', 'String', 0);
INSERT INTO `remittance`.`api_field` (`api_field_id`, `api_id`, `api_field_name`, `datatype`, `mandatory`) VALUES (42, 2, 'recipient_legal_name_last', 'String', 0);
INSERT INTO `remittance`.`api_field` (`api_field_id`, `api_id`, `api_field_name`, `datatype`, `mandatory`) VALUES (43, 2, 'recipient_mobile_number', 'String', 0);
INSERT INTO `remittance`.`api_field` (`api_field_id`, `api_id`, `api_field_name`, `datatype`, `mandatory`) VALUES (44, 2, 'recipient_account_number', 'String', 0);
INSERT INTO `remittance`.`api_field` (`api_field_id`, `api_id`, `api_field_name`, `datatype`, `mandatory`) VALUES (45, 2, 'recipient_currency', 'String', 0);
INSERT INTO `remittance`.`api_field` (`api_field_id`, `api_id`, `api_field_name`, `datatype`, `mandatory`) VALUES (46, 2, 'units', 'String', 0);
INSERT INTO `remittance`.`api_field` (`api_field_id`, `api_id`, `api_field_name`, `datatype`, `mandatory`) VALUES (47, 2, 'source_of_funds', 'String', 0);
INSERT INTO `remittance`.`api_field` (`api_field_id`, `api_id`, `api_field_name`, `datatype`, `mandatory`) VALUES (48, 2, 'remittance_purpose', 'String', 0);
INSERT INTO `remittance`.`api_field` (`api_field_id`, `api_id`, `api_field_name`, `datatype`, `mandatory`) VALUES (49, 3, 'remitGivenName', 'String', 0);
INSERT INTO `remittance`.`api_field` (`api_field_id`, `api_id`, `api_field_name`, `datatype`, `mandatory`) VALUES (50, 3, 'remitSurname', 'String', 0);
INSERT INTO `remittance`.`api_field` (`api_field_id`, `api_id`, `api_field_name`, `datatype`, `mandatory`) VALUES (51, 3, 'remitCaType', 'String', 0);
INSERT INTO `remittance`.`api_field` (`api_field_id`, `api_id`, `api_field_name`, `datatype`, `mandatory`) VALUES (52, 3, 'remitCaNo', 'String', 0);
INSERT INTO `remittance`.`api_field` (`api_field_id`, `api_id`, `api_field_name`, `datatype`, `mandatory`) VALUES (53, 3, 'merTransAmount', 'String', 0);
INSERT INTO `remittance`.`api_field` (`api_field_id`, `api_id`, `api_field_name`, `datatype`, `mandatory`) VALUES (54, 3, 'remitCountryCode', 'String', 0);
INSERT INTO `remittance`.`api_field` (`api_field_id`, `api_id`, `api_field_name`, `datatype`, `mandatory`) VALUES (55, 3, 'remitAddress', 'String', 0);
INSERT INTO `remittance`.`api_field` (`api_field_id`, `api_id`, `api_field_name`, `datatype`, `mandatory`) VALUES (56, 3, 'nationality', 'String', 0);
INSERT INTO `remittance`.`api_field` (`api_field_id`, `api_id`, `api_field_name`, `datatype`, `mandatory`) VALUES (57, 3, 'remitPurpose', 'String', 0);
INSERT INTO `remittance`.`api_field` (`api_field_id`, `api_id`, `api_field_name`, `datatype`, `mandatory`) VALUES (58, 3, 'payeeCaType', 'String', 0);
INSERT INTO `remittance`.`api_field` (`api_field_id`, `api_id`, `api_field_name`, `datatype`, `mandatory`) VALUES (59, 3, 'settleCurrency', 'String', 0);
INSERT INTO `remittance`.`api_field` (`api_field_id`, `api_id`, `api_field_name`, `datatype`, `mandatory`) VALUES (60, 3, 'transCurrency', 'String', 0);
INSERT INTO `remittance`.`api_field` (`api_field_id`, `api_id`, `api_field_name`, `datatype`, `mandatory`) VALUES (61, 3, 'payeeGivenName', 'String', 0);
INSERT INTO `remittance`.`api_field` (`api_field_id`, `api_id`, `api_field_name`, `datatype`, `mandatory`) VALUES (62, 3, 'payeeSurname', 'String', 0);
INSERT INTO `remittance`.`api_field` (`api_field_id`, `api_id`, `api_field_name`, `datatype`, `mandatory`) VALUES (63, 3, 'payeeBirthDate', 'String', 0);
INSERT INTO `remittance`.`api_field` (`api_field_id`, `api_id`, `api_field_name`, `datatype`, `mandatory`) VALUES (64, 3, 'payeeAccountNo', 'String', 0);
INSERT INTO `remittance`.`api_field` (`api_field_id`, `api_id`, `api_field_name`, `datatype`, `mandatory`) VALUES (65, 3, 'payeePhone', 'String', 0);
INSERT INTO `remittance`.`api_field` (`api_field_id`, `api_id`, `api_field_name`, `datatype`, `mandatory`) VALUES (66, 3, 'payeeBankName', 'String', 0);
INSERT INTO `remittance`.`api_field` (`api_field_id`, `api_id`, `api_field_name`, `datatype`, `mandatory`) VALUES (67, 3, 'payeeBranchName', 'String', 0);
INSERT INTO `remittance`.`api_field` (`api_field_id`, `api_id`, `api_field_name`, `datatype`, `mandatory`) VALUES (68, 3, 'payeeCaNo', 'String', 0);
INSERT INTO `remittance`.`api_field` (`api_field_id`, `api_id`, `api_field_name`, `datatype`, `mandatory`) VALUES (69, 3, 'remitAccountNo', 'String', 0);
INSERT INTO `remittance`.`api_field` (`api_field_id`, `api_id`, `api_field_name`, `datatype`, `mandatory`) VALUES (70, 3, 'sourceOfFunds', 'String', 0);

COMMIT;


-- -----------------------------------------------------
-- Data for table `remittance`.`corporate_user`
-- -----------------------------------------------------
START TRANSACTION;
USE `remittance`;
INSERT INTO `remittance`.`corporate_user` (`corporate_user_id`, `email`, `password`) VALUES (1, 'test1@gmail.com', '12345678');
INSERT INTO `remittance`.`corporate_user` (`corporate_user_id`, `email`, `password`) VALUES (2, 'test2@hotmail.com', '12345678');
INSERT INTO `remittance`.`corporate_user` (`corporate_user_id`, `email`, `password`) VALUES (3, 'test3@smu.edu.sg', '12345678');

COMMIT;

-- -----------------------------------------------------
-- Data for table `remittance`.`roles`
-- -----------------------------------------------------
INSERT INTO roles(name) VALUES('ROLE_USER');
INSERT INTO roles(name) VALUES('ROLE_MODERATOR');
INSERT INTO roles(name) VALUES('ROLE_ADMIN');

COMMIT;

-- -----------------------------------------------------
-- Data for table `remittance`.`corporate_field`
-- -----------------------------------------------------
START TRANSACTION;
USE `remittance`;
INSERT INTO `remittance`.`corporate_field` (`corporate_field_id`, `corporate_user_id`, `corporate_field_name`) VALUES (1, 1, 'bank name');
INSERT INTO `remittance`.`corporate_field` (`corporate_field_id`, `corporate_user_id`, `corporate_field_name`) VALUES (2, 1, 'account number');
INSERT INTO `remittance`.`corporate_field` (`corporate_field_id`, `corporate_user_id`, `corporate_field_name`) VALUES (3, 1, 'recipient type');
INSERT INTO `remittance`.`corporate_field` (`corporate_field_id`, `corporate_user_id`, `corporate_field_name`) VALUES (4, 1, 'country');
INSERT INTO `remittance`.`corporate_field` (`corporate_field_id`, `corporate_user_id`, `corporate_field_name`) VALUES (5, 1, 'first name');
INSERT INTO `remittance`.`corporate_field` (`corporate_field_id`, `corporate_user_id`, `corporate_field_name`) VALUES (6, 1, 'last name');
INSERT INTO `remittance`.`corporate_field` (`corporate_field_id`, `corporate_user_id`, `corporate_field_name`) VALUES (7, 1, 'city');
INSERT INTO `remittance`.`corporate_field` (`corporate_field_id`, `corporate_user_id`, `corporate_field_name`) VALUES (8, 1, 'sender type');
INSERT INTO `remittance`.`corporate_field` (`corporate_field_id`, `corporate_user_id`, `corporate_field_name`) VALUES (9, 1, 'nationality');
INSERT INTO `remittance`.`corporate_field` (`corporate_field_id`, `corporate_user_id`, `corporate_field_name`) VALUES (10, 1, 'religion');
INSERT INTO `remittance`.`corporate_field` (`corporate_field_id`, `corporate_user_id`, `corporate_field_name`) VALUES (11, 1, 'purpose');
INSERT INTO `remittance`.`corporate_field` (`corporate_field_id`, `corporate_user_id`, `corporate_field_name`) VALUES (12, 1, 'remarks');
INSERT INTO `remittance`.`corporate_field` (`corporate_field_id`, `corporate_user_id`, `corporate_field_name`) VALUES (13, 2, 'bank');
INSERT INTO `remittance`.`corporate_field` (`corporate_field_id`, `corporate_user_id`, `corporate_field_name`) VALUES (14, 2, 'acc num');
INSERT INTO `remittance`.`corporate_field` (`corporate_field_id`, `corporate_user_id`, `corporate_field_name`) VALUES (15, 2, 'receive type');
INSERT INTO `remittance`.`corporate_field` (`corporate_field_id`, `corporate_user_id`, `corporate_field_name`) VALUES (16, 2, 'ctry');
INSERT INTO `remittance`.`corporate_field` (`corporate_field_id`, `corporate_user_id`, `corporate_field_name`) VALUES (17, 2, 'fname');
INSERT INTO `remittance`.`corporate_field` (`corporate_field_id`, `corporate_user_id`, `corporate_field_name`) VALUES (18, 2, 'lname');
INSERT INTO `remittance`.`corporate_field` (`corporate_field_id`, `corporate_user_id`, `corporate_field_name`) VALUES (19, 2, 'state/city/province');
INSERT INTO `remittance`.`corporate_field` (`corporate_field_id`, `corporate_user_id`, `corporate_field_name`) VALUES (20, 2, 'send type');
INSERT INTO `remittance`.`corporate_field` (`corporate_field_id`, `corporate_user_id`, `corporate_field_name`) VALUES (21, 2, 'nationality');
INSERT INTO `remittance`.`corporate_field` (`corporate_field_id`, `corporate_user_id`, `corporate_field_name`) VALUES (22, 2, 'remarks');
INSERT INTO `remittance`.`corporate_field` (`corporate_field_id`, `corporate_user_id`, `corporate_field_name`) VALUES (23, 3, 'bank branch');
INSERT INTO `remittance`.`corporate_field` (`corporate_field_id`, `corporate_user_id`, `corporate_field_name`) VALUES (24, 3, 'bank account number');
INSERT INTO `remittance`.`corporate_field` (`corporate_field_id`, `corporate_user_id`, `corporate_field_name`) VALUES (25, 3, 'country');
INSERT INTO `remittance`.`corporate_field` (`corporate_field_id`, `corporate_user_id`, `corporate_field_name`) VALUES (26, 3, 'nationality');
INSERT INTO `remittance`.`corporate_field` (`corporate_field_id`, `corporate_user_id`, `corporate_field_name`) VALUES (27, 3, 'given name');
INSERT INTO `remittance`.`corporate_field` (`corporate_field_id`, `corporate_user_id`, `corporate_field_name`) VALUES (28, 3, 'family name');
INSERT INTO `remittance`.`corporate_field` (`corporate_field_id`, `corporate_user_id`, `corporate_field_name`) VALUES (29, 3, 'city');
INSERT INTO `remittance`.`corporate_field` (`corporate_field_id`, `corporate_user_id`, `corporate_field_name`) VALUES (30, 3, 'payer type');
INSERT INTO `remittance`.`corporate_field` (`corporate_field_id`, `corporate_user_id`, `corporate_field_name`) VALUES (31, 3, 'payee type');
INSERT INTO `remittance`.`corporate_field` (`corporate_field_id`, `corporate_user_id`, `corporate_field_name`) VALUES (32, 3, 'purpose');
INSERT INTO `remittance`.`corporate_field` (`corporate_field_id`, `corporate_user_id`, `corporate_field_name`) VALUES (33, 3, 'type');
INSERT INTO `remittance`.`corporate_field` (`corporate_field_id`, `corporate_user_id`, `corporate_field_name`) VALUES (34, 3, 'remarks');

COMMIT;


-- -----------------------------------------------------
-- Data for table `remittance`.`transaction`
-- -----------------------------------------------------
START TRANSACTION;
USE `remittance`;
INSERT INTO `remittance`.`transaction` (`transaction_id`, `corporate_user_id`, `transaction_date`) VALUES (1, 1, '2022-01-01 00:00:00');
INSERT INTO `remittance`.`transaction` (`transaction_id`, `corporate_user_id`, `transaction_date`) VALUES (2, 1, '2022-01-01 00:00:00');
INSERT INTO `remittance`.`transaction` (`transaction_id`, `corporate_user_id`, `transaction_date`) VALUES (3, 1, '2022-01-01 00:00:00');
INSERT INTO `remittance`.`transaction` (`transaction_id`, `corporate_user_id`, `transaction_date`) VALUES (4, 2, '2022-01-01 00:00:00');
INSERT INTO `remittance`.`transaction` (`transaction_id`, `corporate_user_id`, `transaction_date`) VALUES (5, 2, '2022-01-01 00:00:00');

COMMIT;


-- -----------------------------------------------------
-- Data for table `remittance`.`selected_field`
-- -----------------------------------------------------
START TRANSACTION;
USE `remittance`;
INSERT INTO `remittance`.`selected_field` (`selected_field_id`, `api_field_id`, `selected_field_code`, `selected_field_value`) VALUES (1, 4, '16', 'Business Expenses (including wages, salaries etc)');
INSERT INTO `remittance`.`selected_field` (`selected_field_id`, `api_field_id`, `selected_field_code`, `selected_field_value`) VALUES (2, 4, '12', 'Construction, purchase of land and mortgage repayments');
INSERT INTO `remittance`.`selected_field` (`selected_field_id`, `api_field_id`, `selected_field_code`, `selected_field_value`) VALUES (3, 4, '05', 'Donation');
INSERT INTO `remittance`.`selected_field` (`selected_field_id`, `api_field_id`, `selected_field_code`, `selected_field_value`) VALUES (4, 4, '03', 'Education');
INSERT INTO `remittance`.`selected_field` (`selected_field_id`, `api_field_id`, `selected_field_code`, `selected_field_value`) VALUES (5, 4, '02', 'Family Expenses (including medical expenses, vehicle purchases etc)');
INSERT INTO `remittance`.`selected_field` (`selected_field_id`, `api_field_id`, `selected_field_code`, `selected_field_value`) VALUES (6, 4, '99', 'Other');
INSERT INTO `remittance`.`selected_field` (`selected_field_id`, `api_field_id`, `selected_field_code`, `selected_field_value`) VALUES (7, 4, '06', 'Payment for products and services');
INSERT INTO `remittance`.`selected_field` (`selected_field_id`, `api_field_id`, `selected_field_code`, `selected_field_value`) VALUES (8, 4, '10', 'Self');
INSERT INTO `remittance`.`selected_field` (`selected_field_id`, `api_field_id`, `selected_field_code`, `selected_field_value`) VALUES (9, 10, '05', 'Company Registration');
INSERT INTO `remittance`.`selected_field` (`selected_field_id`, `api_field_id`, `selected_field_code`, `selected_field_value`) VALUES (10, 10, '02', 'ID card (government issued)');
INSERT INTO `remittance`.`selected_field` (`selected_field_id`, `api_field_id`, `selected_field_code`, `selected_field_value`) VALUES (11, 10, '99', 'Other');
INSERT INTO `remittance`.`selected_field` (`selected_field_id`, `api_field_id`, `selected_field_code`, `selected_field_value`) VALUES (12, 10, '01', 'Passport');
INSERT INTO `remittance`.`selected_field` (`selected_field_id`, `api_field_id`, `selected_field_code`, `selected_field_value`) VALUES (13, 13, '04', 'EMPLOYEE');
INSERT INTO `remittance`.`selected_field` (`selected_field_id`, `api_field_id`, `selected_field_code`, `selected_field_value`) VALUES (14, 13, '01', 'FAMILY');
INSERT INTO `remittance`.`selected_field` (`selected_field_id`, `api_field_id`, `selected_field_code`, `selected_field_value`) VALUES (15, 13, '02', 'FRIENDS');
INSERT INTO `remittance`.`selected_field` (`selected_field_id`, `api_field_id`, `selected_field_code`, `selected_field_value`) VALUES (16, 13, '99', 'OTHERS');
INSERT INTO `remittance`.`selected_field` (`selected_field_id`, `api_field_id`, `selected_field_code`, `selected_field_value`) VALUES (17, 13, '03', 'SELF');
INSERT INTO `remittance`.`selected_field` (`selected_field_id`, `api_field_id`, `selected_field_code`, `selected_field_value`) VALUES (18, 13, '09', 'Seller/Service Provider');
INSERT INTO `remittance`.`selected_field` (`selected_field_id`, `api_field_id`, `selected_field_code`, `selected_field_value`) VALUES (19, 19, '05', 'Company Registration');
INSERT INTO `remittance`.`selected_field` (`selected_field_id`, `api_field_id`, `selected_field_code`, `selected_field_value`) VALUES (20, 19, '02', 'ID card (government issued)');
INSERT INTO `remittance`.`selected_field` (`selected_field_id`, `api_field_id`, `selected_field_code`, `selected_field_value`) VALUES (21, 19, '99', 'Other');
INSERT INTO `remittance`.`selected_field` (`selected_field_id`, `api_field_id`, `selected_field_code`, `selected_field_value`) VALUES (22, 19, '01', 'Passport');
INSERT INTO `remittance`.`selected_field` (`selected_field_id`, `api_field_id`, `selected_field_code`, `selected_field_value`) VALUES (23, 21, 'AUS', 'AUS');
INSERT INTO `remittance`.`selected_field` (`selected_field_id`, `api_field_id`, `selected_field_code`, `selected_field_value`) VALUES (24, 21, 'BGD', 'BGD');
INSERT INTO `remittance`.`selected_field` (`selected_field_id`, `api_field_id`, `selected_field_code`, `selected_field_value`) VALUES (25, 21, 'CHN', 'CHN');
INSERT INTO `remittance`.`selected_field` (`selected_field_id`, `api_field_id`, `selected_field_code`, `selected_field_value`) VALUES (26, 21, 'EUR', 'EUR');
INSERT INTO `remittance`.`selected_field` (`selected_field_id`, `api_field_id`, `selected_field_code`, `selected_field_value`) VALUES (27, 21, 'GBR', 'GBR');
INSERT INTO `remittance`.`selected_field` (`selected_field_id`, `api_field_id`, `selected_field_code`, `selected_field_value`) VALUES (28, 21, 'HKG', 'HKG');
INSERT INTO `remittance`.`selected_field` (`selected_field_id`, `api_field_id`, `selected_field_code`, `selected_field_value`) VALUES (29, 21, 'IDN', 'IDN');
INSERT INTO `remittance`.`selected_field` (`selected_field_id`, `api_field_id`, `selected_field_code`, `selected_field_value`) VALUES (30, 21, 'IND', 'IND');
INSERT INTO `remittance`.`selected_field` (`selected_field_id`, `api_field_id`, `selected_field_code`, `selected_field_value`) VALUES (31, 21, 'JPN', 'JPN');
INSERT INTO `remittance`.`selected_field` (`selected_field_id`, `api_field_id`, `selected_field_code`, `selected_field_value`) VALUES (32, 21, 'KHM', 'KHM');
INSERT INTO `remittance`.`selected_field` (`selected_field_id`, `api_field_id`, `selected_field_code`, `selected_field_value`) VALUES (33, 21, 'KOR', 'KOR');
INSERT INTO `remittance`.`selected_field` (`selected_field_id`, `api_field_id`, `selected_field_code`, `selected_field_value`) VALUES (34, 21, 'LKA', 'LKA');
INSERT INTO `remittance`.`selected_field` (`selected_field_id`, `api_field_id`, `selected_field_code`, `selected_field_value`) VALUES (35, 21, 'MMR', 'MMR');
INSERT INTO `remittance`.`selected_field` (`selected_field_id`, `api_field_id`, `selected_field_code`, `selected_field_value`) VALUES (36, 21, 'MYS', 'MYS');
INSERT INTO `remittance`.`selected_field` (`selected_field_id`, `api_field_id`, `selected_field_code`, `selected_field_value`) VALUES (37, 21, 'NPL', 'NPL');
INSERT INTO `remittance`.`selected_field` (`selected_field_id`, `api_field_id`, `selected_field_code`, `selected_field_value`) VALUES (38, 21, 'PAK', 'PAK');
INSERT INTO `remittance`.`selected_field` (`selected_field_id`, `api_field_id`, `selected_field_code`, `selected_field_value`) VALUES (39, 21, 'PHL', 'PHL');
INSERT INTO `remittance`.`selected_field` (`selected_field_id`, `api_field_id`, `selected_field_code`, `selected_field_value`) VALUES (40, 21, 'THA', 'THA');
INSERT INTO `remittance`.`selected_field` (`selected_field_id`, `api_field_id`, `selected_field_code`, `selected_field_value`) VALUES (41, 22, '02', 'Business and investment');
INSERT INTO `remittance`.`selected_field` (`selected_field_id`, `api_field_id`, `selected_field_code`, `selected_field_value`) VALUES (42, 22, '07', 'Cryptocurrency or other Digital Payment Tokens');
INSERT INTO `remittance`.`selected_field` (`selected_field_id`, `api_field_id`, `selected_field_code`, `selected_field_value`) VALUES (43, 22, '06', 'Donation');
INSERT INTO `remittance`.`selected_field` (`selected_field_id`, `api_field_id`, `selected_field_code`, `selected_field_value`) VALUES (44, 22, '04', 'Friends and family');
INSERT INTO `remittance`.`selected_field` (`selected_field_id`, `api_field_id`, `selected_field_code`, `selected_field_value`) VALUES (45, 22, '99', 'Other');
INSERT INTO `remittance`.`selected_field` (`selected_field_id`, `api_field_id`, `selected_field_code`, `selected_field_value`) VALUES (46, 22, '01', 'Salary to include any work related compensation and pensions');
INSERT INTO `remittance`.`selected_field` (`selected_field_id`, `api_field_id`, `selected_field_code`, `selected_field_value`) VALUES (47, 31, 'SGP', 'Singapore');
INSERT INTO `remittance`.`selected_field` (`selected_field_id`, `api_field_id`, `selected_field_code`, `selected_field_value`) VALUES (48, 31, 'MYS', 'Malaysia');
INSERT INTO `remittance`.`selected_field` (`selected_field_id`, `api_field_id`, `selected_field_code`, `selected_field_value`) VALUES (49, 31, 'CHN', 'China');
INSERT INTO `remittance`.`selected_field` (`selected_field_id`, `api_field_id`, `selected_field_code`, `selected_field_value`) VALUES (50, 31, 'IND', 'India');
INSERT INTO `remittance`.`selected_field` (`selected_field_id`, `api_field_id`, `selected_field_code`, `selected_field_value`) VALUES (51, 31, 'AFG', 'Afghanistan');
INSERT INTO `remittance`.`selected_field` (`selected_field_id`, `api_field_id`, `selected_field_code`, `selected_field_value`) VALUES (52, 31, 'ALB', 'Albania');
INSERT INTO `remittance`.`selected_field` (`selected_field_id`, `api_field_id`, `selected_field_code`, `selected_field_value`) VALUES (53, 31, 'DZA', 'Algeria');
INSERT INTO `remittance`.`selected_field` (`selected_field_id`, `api_field_id`, `selected_field_code`, `selected_field_value`) VALUES (54, 31, 'USA', 'United States of America');
INSERT INTO `remittance`.`selected_field` (`selected_field_id`, `api_field_id`, `selected_field_code`, `selected_field_value`) VALUES (55, 31, 'ASM', 'American Samoa');
INSERT INTO `remittance`.`selected_field` (`selected_field_id`, `api_field_id`, `selected_field_code`, `selected_field_value`) VALUES (56, 31, 'AND', 'Andorra');
INSERT INTO `remittance`.`selected_field` (`selected_field_id`, `api_field_id`, `selected_field_code`, `selected_field_value`) VALUES (57, 31, 'AGO', 'Angola');
INSERT INTO `remittance`.`selected_field` (`selected_field_id`, `api_field_id`, `selected_field_code`, `selected_field_value`) VALUES (58, 31, 'AIA', 'Anguilla');
INSERT INTO `remittance`.`selected_field` (`selected_field_id`, `api_field_id`, `selected_field_code`, `selected_field_value`) VALUES (59, 31, 'ATA', 'Antarctica');
INSERT INTO `remittance`.`selected_field` (`selected_field_id`, `api_field_id`, `selected_field_code`, `selected_field_value`) VALUES (60, 31, 'ATG', 'Antigua and Barbuda');
INSERT INTO `remittance`.`selected_field` (`selected_field_id`, `api_field_id`, `selected_field_code`, `selected_field_value`) VALUES (61, 31, 'ARG', 'Argentina');
INSERT INTO `remittance`.`selected_field` (`selected_field_id`, `api_field_id`, `selected_field_code`, `selected_field_value`) VALUES (62, 31, 'ARM', 'Armenia');
INSERT INTO `remittance`.`selected_field` (`selected_field_id`, `api_field_id`, `selected_field_code`, `selected_field_value`) VALUES (63, 31, 'ABW', 'Aruba');
INSERT INTO `remittance`.`selected_field` (`selected_field_id`, `api_field_id`, `selected_field_code`, `selected_field_value`) VALUES (64, 31, 'AUS', 'Australia');
INSERT INTO `remittance`.`selected_field` (`selected_field_id`, `api_field_id`, `selected_field_code`, `selected_field_value`) VALUES (65, 31, 'AUT', 'Austria');
INSERT INTO `remittance`.`selected_field` (`selected_field_id`, `api_field_id`, `selected_field_code`, `selected_field_value`) VALUES (66, 31, 'AZE', 'Azerbaijan');
INSERT INTO `remittance`.`selected_field` (`selected_field_id`, `api_field_id`, `selected_field_code`, `selected_field_value`) VALUES (67, 31, 'IOT', 'British Indian Ocean Territory');
INSERT INTO `remittance`.`selected_field` (`selected_field_id`, `api_field_id`, `selected_field_code`, `selected_field_value`) VALUES (68, 31, 'BHS', 'Bahamas');
INSERT INTO `remittance`.`selected_field` (`selected_field_id`, `api_field_id`, `selected_field_code`, `selected_field_value`) VALUES (69, 31, 'BHR', 'Bahrain');
INSERT INTO `remittance`.`selected_field` (`selected_field_id`, `api_field_id`, `selected_field_code`, `selected_field_value`) VALUES (70, 31, 'BGD', 'Bangladesh');
INSERT INTO `remittance`.`selected_field` (`selected_field_id`, `api_field_id`, `selected_field_code`, `selected_field_value`) VALUES (71, 31, 'BRB', 'Barbados');
INSERT INTO `remittance`.`selected_field` (`selected_field_id`, `api_field_id`, `selected_field_code`, `selected_field_value`) VALUES (72, 31, 'BLM', 'Saint Barthélemy');
INSERT INTO `remittance`.`selected_field` (`selected_field_id`, `api_field_id`, `selected_field_code`, `selected_field_value`) VALUES (73, 31, 'LSO', 'Lesotho');
INSERT INTO `remittance`.`selected_field` (`selected_field_id`, `api_field_id`, `selected_field_code`, `selected_field_value`) VALUES (74, 31, 'BLR', 'Belarus');
INSERT INTO `remittance`.`selected_field` (`selected_field_id`, `api_field_id`, `selected_field_code`, `selected_field_value`) VALUES (75, 31, 'BEL', 'Belgium');
INSERT INTO `remittance`.`selected_field` (`selected_field_id`, `api_field_id`, `selected_field_code`, `selected_field_value`) VALUES (76, 31, 'BLZ', 'Belize');
INSERT INTO `remittance`.`selected_field` (`selected_field_id`, `api_field_id`, `selected_field_code`, `selected_field_value`) VALUES (77, 31, 'BEN', 'Benin');
INSERT INTO `remittance`.`selected_field` (`selected_field_id`, `api_field_id`, `selected_field_code`, `selected_field_value`) VALUES (78, 31, 'BMU', 'Bermuda');
INSERT INTO `remittance`.`selected_field` (`selected_field_id`, `api_field_id`, `selected_field_code`, `selected_field_value`) VALUES (79, 31, 'BTN', 'Bhutan');
INSERT INTO `remittance`.`selected_field` (`selected_field_id`, `api_field_id`, `selected_field_code`, `selected_field_value`) VALUES (80, 31, 'GNB', 'Guinea-Bissau');
INSERT INTO `remittance`.`selected_field` (`selected_field_id`, `api_field_id`, `selected_field_code`, `selected_field_value`) VALUES (81, 31, 'BOL', 'Bolivia (Plurinational State of)');
INSERT INTO `remittance`.`selected_field` (`selected_field_id`, `api_field_id`, `selected_field_code`, `selected_field_value`) VALUES (82, 31, 'BES', 'Bonaire Sint Eustatius and Saba');
INSERT INTO `remittance`.`selected_field` (`selected_field_id`, `api_field_id`, `selected_field_code`, `selected_field_value`) VALUES (83, 31, 'BIH', 'Bosnia and Herzegovina');
INSERT INTO `remittance`.`selected_field` (`selected_field_id`, `api_field_id`, `selected_field_code`, `selected_field_value`) VALUES (84, 31, 'BVT', 'Bouvet Island');
INSERT INTO `remittance`.`selected_field` (`selected_field_id`, `api_field_id`, `selected_field_code`, `selected_field_value`) VALUES (85, 31, 'BRA', 'Brazil');
INSERT INTO `remittance`.`selected_field` (`selected_field_id`, `api_field_id`, `selected_field_code`, `selected_field_value`) VALUES (86, 31, 'VGB', 'Virgin Islands (British)');
INSERT INTO `remittance`.`selected_field` (`selected_field_id`, `api_field_id`, `selected_field_code`, `selected_field_value`) VALUES (87, 31, 'GBR', 'United Kingdom of Great Britain and Northern Ireland');
INSERT INTO `remittance`.`selected_field` (`selected_field_id`, `api_field_id`, `selected_field_code`, `selected_field_value`) VALUES (88, 31, 'BRN', 'Brunei Darussalam');
INSERT INTO `remittance`.`selected_field` (`selected_field_id`, `api_field_id`, `selected_field_code`, `selected_field_value`) VALUES (89, 31, 'BGR', 'Bulgaria');
INSERT INTO `remittance`.`selected_field` (`selected_field_id`, `api_field_id`, `selected_field_code`, `selected_field_value`) VALUES (90, 31, 'BFA', 'Burkina Faso');
INSERT INTO `remittance`.`selected_field` (`selected_field_id`, `api_field_id`, `selected_field_code`, `selected_field_value`) VALUES (91, 31, 'MMR', 'Myanmar');
INSERT INTO `remittance`.`selected_field` (`selected_field_id`, `api_field_id`, `selected_field_code`, `selected_field_value`) VALUES (92, 31, 'BDI', 'Burundi');
INSERT INTO `remittance`.`selected_field` (`selected_field_id`, `api_field_id`, `selected_field_code`, `selected_field_value`) VALUES (93, 31, 'CPV', 'Cabo Verde');
INSERT INTO `remittance`.`selected_field` (`selected_field_id`, `api_field_id`, `selected_field_code`, `selected_field_value`) VALUES (94, 31, 'KHM', 'Cambodia');
INSERT INTO `remittance`.`selected_field` (`selected_field_id`, `api_field_id`, `selected_field_code`, `selected_field_value`) VALUES (95, 31, 'CMR', 'Cameroon');
INSERT INTO `remittance`.`selected_field` (`selected_field_id`, `api_field_id`, `selected_field_code`, `selected_field_value`) VALUES (96, 31, 'CAN', 'Canada');
INSERT INTO `remittance`.`selected_field` (`selected_field_id`, `api_field_id`, `selected_field_code`, `selected_field_value`) VALUES (97, 31, 'CYM', 'Cayman Islands');
INSERT INTO `remittance`.`selected_field` (`selected_field_id`, `api_field_id`, `selected_field_code`, `selected_field_value`) VALUES (98, 31, 'CAF', 'Central African Republic');
INSERT INTO `remittance`.`selected_field` (`selected_field_id`, `api_field_id`, `selected_field_code`, `selected_field_value`) VALUES (99, 31, 'TCD', 'Chad');
INSERT INTO `remittance`.`selected_field` (`selected_field_id`, `api_field_id`, `selected_field_code`, `selected_field_value`) VALUES (100, 31, 'JEY', 'Jersey');
INSERT INTO `remittance`.`selected_field` (`selected_field_id`, `api_field_id`, `selected_field_code`, `selected_field_value`) VALUES (101, 31, 'GGY', 'Guernsey');
INSERT INTO `remittance`.`selected_field` (`selected_field_id`, `api_field_id`, `selected_field_code`, `selected_field_value`) VALUES (102, 31, 'CHL', 'Chile');
INSERT INTO `remittance`.`selected_field` (`selected_field_id`, `api_field_id`, `selected_field_code`, `selected_field_value`) VALUES (103, 31, 'TWN', 'Taiwan Province of China');
INSERT INTO `remittance`.`selected_field` (`selected_field_id`, `api_field_id`, `selected_field_code`, `selected_field_value`) VALUES (104, 31, 'CXR', 'Christmas Island');
INSERT INTO `remittance`.`selected_field` (`selected_field_id`, `api_field_id`, `selected_field_code`, `selected_field_value`) VALUES (105, 31, 'CCK', 'Cocos (Keeling) Islands');
INSERT INTO `remittance`.`selected_field` (`selected_field_id`, `api_field_id`, `selected_field_code`, `selected_field_value`) VALUES (106, 31, 'COL', 'Colombia');
INSERT INTO `remittance`.`selected_field` (`selected_field_id`, `api_field_id`, `selected_field_code`, `selected_field_value`) VALUES (107, 31, 'COM', 'Comoros');
INSERT INTO `remittance`.`selected_field` (`selected_field_id`, `api_field_id`, `selected_field_code`, `selected_field_value`) VALUES (108, 31, 'COG', 'Congo (Republic of the)');
INSERT INTO `remittance`.`selected_field` (`selected_field_id`, `api_field_id`, `selected_field_code`, `selected_field_value`) VALUES (109, 31, 'COD', 'Congo (Democratic Republic of the)');
INSERT INTO `remittance`.`selected_field` (`selected_field_id`, `api_field_id`, `selected_field_code`, `selected_field_value`) VALUES (110, 31, 'COK', 'Cook Islands');
INSERT INTO `remittance`.`selected_field` (`selected_field_id`, `api_field_id`, `selected_field_code`, `selected_field_value`) VALUES (111, 31, 'CRI', 'Costa Rica');
INSERT INTO `remittance`.`selected_field` (`selected_field_id`, `api_field_id`, `selected_field_code`, `selected_field_value`) VALUES (112, 31, 'HRV', 'Croatia');
INSERT INTO `remittance`.`selected_field` (`selected_field_id`, `api_field_id`, `selected_field_code`, `selected_field_value`) VALUES (113, 31, 'CUB', 'Cuba');
INSERT INTO `remittance`.`selected_field` (`selected_field_id`, `api_field_id`, `selected_field_code`, `selected_field_value`) VALUES (114, 31, 'CUW', 'Curaçao');
INSERT INTO `remittance`.`selected_field` (`selected_field_id`, `api_field_id`, `selected_field_code`, `selected_field_value`) VALUES (115, 31, 'CYP', 'Cyprus');
INSERT INTO `remittance`.`selected_field` (`selected_field_id`, `api_field_id`, `selected_field_code`, `selected_field_value`) VALUES (116, 31, 'CZE', 'Czech Republic');
INSERT INTO `remittance`.`selected_field` (`selected_field_id`, `api_field_id`, `selected_field_code`, `selected_field_value`) VALUES (117, 31, 'DNK', 'Denmark');
INSERT INTO `remittance`.`selected_field` (`selected_field_id`, `api_field_id`, `selected_field_code`, `selected_field_value`) VALUES (118, 31, 'DJI', 'Djibouti');
INSERT INTO `remittance`.`selected_field` (`selected_field_id`, `api_field_id`, `selected_field_code`, `selected_field_value`) VALUES (119, 31, 'DMA', 'Dominica');
INSERT INTO `remittance`.`selected_field` (`selected_field_id`, `api_field_id`, `selected_field_code`, `selected_field_value`) VALUES (120, 31, 'DOM', 'Dominican Republic');
INSERT INTO `remittance`.`selected_field` (`selected_field_id`, `api_field_id`, `selected_field_code`, `selected_field_value`) VALUES (121, 31, 'NLD', 'Netherlands');
INSERT INTO `remittance`.`selected_field` (`selected_field_id`, `api_field_id`, `selected_field_code`, `selected_field_value`) VALUES (122, 31, 'ECU', 'Ecuador');
INSERT INTO `remittance`.`selected_field` (`selected_field_id`, `api_field_id`, `selected_field_code`, `selected_field_value`) VALUES (123, 31, 'EGY', 'Egypt');
INSERT INTO `remittance`.`selected_field` (`selected_field_id`, `api_field_id`, `selected_field_code`, `selected_field_value`) VALUES (124, 31, 'ARE', 'United Arab Emirates');
INSERT INTO `remittance`.`selected_field` (`selected_field_id`, `api_field_id`, `selected_field_code`, `selected_field_value`) VALUES (125, 31, 'GNQ', 'Equatorial Guinea');
INSERT INTO `remittance`.`selected_field` (`selected_field_id`, `api_field_id`, `selected_field_code`, `selected_field_value`) VALUES (126, 31, 'ERI', 'Eritrea');
INSERT INTO `remittance`.`selected_field` (`selected_field_id`, `api_field_id`, `selected_field_code`, `selected_field_value`) VALUES (127, 31, 'EST', 'Estonia');
INSERT INTO `remittance`.`selected_field` (`selected_field_id`, `api_field_id`, `selected_field_code`, `selected_field_value`) VALUES (128, 31, 'ETH', 'Ethiopia');
INSERT INTO `remittance`.`selected_field` (`selected_field_id`, `api_field_id`, `selected_field_code`, `selected_field_value`) VALUES (129, 31, 'FLK', 'Falkland Islands (Malvinas)');
INSERT INTO `remittance`.`selected_field` (`selected_field_id`, `api_field_id`, `selected_field_code`, `selected_field_value`) VALUES (130, 31, 'FRO', 'Faroe Islands');
INSERT INTO `remittance`.`selected_field` (`selected_field_id`, `api_field_id`, `selected_field_code`, `selected_field_value`) VALUES (131, 31, 'FJI', 'Fiji');
INSERT INTO `remittance`.`selected_field` (`selected_field_id`, `api_field_id`, `selected_field_code`, `selected_field_value`) VALUES (132, 31, 'FIN', 'Finland');
INSERT INTO `remittance`.`selected_field` (`selected_field_id`, `api_field_id`, `selected_field_code`, `selected_field_value`) VALUES (133, 31, 'FRA', 'France');
INSERT INTO `remittance`.`selected_field` (`selected_field_id`, `api_field_id`, `selected_field_code`, `selected_field_value`) VALUES (134, 31, 'GUF', 'French Guiana');
INSERT INTO `remittance`.`selected_field` (`selected_field_id`, `api_field_id`, `selected_field_code`, `selected_field_value`) VALUES (135, 31, 'PYF', 'French Polynesia');
INSERT INTO `remittance`.`selected_field` (`selected_field_id`, `api_field_id`, `selected_field_code`, `selected_field_value`) VALUES (136, 31, 'ATF', 'French Southern Territories');
INSERT INTO `remittance`.`selected_field` (`selected_field_id`, `api_field_id`, `selected_field_code`, `selected_field_value`) VALUES (137, 31, 'GAB', 'Gabon');
INSERT INTO `remittance`.`selected_field` (`selected_field_id`, `api_field_id`, `selected_field_code`, `selected_field_value`) VALUES (138, 31, 'GMB', 'Gambia');
INSERT INTO `remittance`.`selected_field` (`selected_field_id`, `api_field_id`, `selected_field_code`, `selected_field_value`) VALUES (139, 31, 'GEO', 'Georgia');
INSERT INTO `remittance`.`selected_field` (`selected_field_id`, `api_field_id`, `selected_field_code`, `selected_field_value`) VALUES (140, 31, 'DEU', 'Germany');
INSERT INTO `remittance`.`selected_field` (`selected_field_id`, `api_field_id`, `selected_field_code`, `selected_field_value`) VALUES (141, 31, 'GHA', 'Ghana');
INSERT INTO `remittance`.`selected_field` (`selected_field_id`, `api_field_id`, `selected_field_code`, `selected_field_value`) VALUES (142, 31, 'GIB', 'Gibraltar');
INSERT INTO `remittance`.`selected_field` (`selected_field_id`, `api_field_id`, `selected_field_code`, `selected_field_value`) VALUES (143, 31, 'GRC', 'Greece');
INSERT INTO `remittance`.`selected_field` (`selected_field_id`, `api_field_id`, `selected_field_code`, `selected_field_value`) VALUES (144, 31, 'GRL', 'Greenland');
INSERT INTO `remittance`.`selected_field` (`selected_field_id`, `api_field_id`, `selected_field_code`, `selected_field_value`) VALUES (145, 31, 'GRD', 'Grenada');
INSERT INTO `remittance`.`selected_field` (`selected_field_id`, `api_field_id`, `selected_field_code`, `selected_field_value`) VALUES (146, 31, 'GLP', 'Guadeloupe');
INSERT INTO `remittance`.`selected_field` (`selected_field_id`, `api_field_id`, `selected_field_code`, `selected_field_value`) VALUES (147, 31, 'GUM', 'Guam');
INSERT INTO `remittance`.`selected_field` (`selected_field_id`, `api_field_id`, `selected_field_code`, `selected_field_value`) VALUES (148, 31, 'GTM', 'Guatemala');
INSERT INTO `remittance`.`selected_field` (`selected_field_id`, `api_field_id`, `selected_field_code`, `selected_field_value`) VALUES (149, 31, 'GIN', 'Guinea');
INSERT INTO `remittance`.`selected_field` (`selected_field_id`, `api_field_id`, `selected_field_code`, `selected_field_value`) VALUES (150, 31, 'GUY', 'Guyana');
INSERT INTO `remittance`.`selected_field` (`selected_field_id`, `api_field_id`, `selected_field_code`, `selected_field_value`) VALUES (151, 31, 'HTI', 'Haiti');
INSERT INTO `remittance`.`selected_field` (`selected_field_id`, `api_field_id`, `selected_field_code`, `selected_field_value`) VALUES (152, 31, 'HMD', 'Heard Island and McDonald Islands');
INSERT INTO `remittance`.`selected_field` (`selected_field_id`, `api_field_id`, `selected_field_code`, `selected_field_value`) VALUES (153, 31, 'HND', 'Honduras');
INSERT INTO `remittance`.`selected_field` (`selected_field_id`, `api_field_id`, `selected_field_code`, `selected_field_value`) VALUES (154, 31, 'HKG', 'Hong Kong');
INSERT INTO `remittance`.`selected_field` (`selected_field_id`, `api_field_id`, `selected_field_code`, `selected_field_value`) VALUES (155, 31, 'HUN', 'Hungary');
INSERT INTO `remittance`.`selected_field` (`selected_field_id`, `api_field_id`, `selected_field_code`, `selected_field_value`) VALUES (156, 31, 'KIR', 'Kiribati');
INSERT INTO `remittance`.`selected_field` (`selected_field_id`, `api_field_id`, `selected_field_code`, `selected_field_value`) VALUES (157, 31, 'ISL', 'Iceland');
INSERT INTO `remittance`.`selected_field` (`selected_field_id`, `api_field_id`, `selected_field_code`, `selected_field_value`) VALUES (158, 31, 'IDN', 'Indonesia');
INSERT INTO `remittance`.`selected_field` (`selected_field_id`, `api_field_id`, `selected_field_code`, `selected_field_value`) VALUES (159, 31, 'IRN', 'Iran');
INSERT INTO `remittance`.`selected_field` (`selected_field_id`, `api_field_id`, `selected_field_code`, `selected_field_value`) VALUES (160, 31, 'IRQ', 'Iraq');
INSERT INTO `remittance`.`selected_field` (`selected_field_id`, `api_field_id`, `selected_field_code`, `selected_field_value`) VALUES (161, 31, 'IRL', 'Ireland');
INSERT INTO `remittance`.`selected_field` (`selected_field_id`, `api_field_id`, `selected_field_code`, `selected_field_value`) VALUES (162, 31, 'ISR', 'Israel');
INSERT INTO `remittance`.`selected_field` (`selected_field_id`, `api_field_id`, `selected_field_code`, `selected_field_value`) VALUES (163, 31, 'ITA', 'Italy');
INSERT INTO `remittance`.`selected_field` (`selected_field_id`, `api_field_id`, `selected_field_code`, `selected_field_value`) VALUES (164, 31, 'CIV', 'Côte d\'Ivoire');
INSERT INTO `remittance`.`selected_field` (`selected_field_id`, `api_field_id`, `selected_field_code`, `selected_field_value`) VALUES (165, 31, 'JAM', 'Jamaica');
INSERT INTO `remittance`.`selected_field` (`selected_field_id`, `api_field_id`, `selected_field_code`, `selected_field_value`) VALUES (166, 31, 'JPN', 'Japan');
INSERT INTO `remittance`.`selected_field` (`selected_field_id`, `api_field_id`, `selected_field_code`, `selected_field_value`) VALUES (167, 31, 'JOR', 'Jordan');
INSERT INTO `remittance`.`selected_field` (`selected_field_id`, `api_field_id`, `selected_field_code`, `selected_field_value`) VALUES (168, 31, 'KAZ', 'Kazakhstan');
INSERT INTO `remittance`.`selected_field` (`selected_field_id`, `api_field_id`, `selected_field_code`, `selected_field_value`) VALUES (169, 31, 'KEN', 'Kenya');
INSERT INTO `remittance`.`selected_field` (`selected_field_id`, `api_field_id`, `selected_field_code`, `selected_field_value`) VALUES (170, 31, 'KNA', 'Saint Kitts and Nevis');
INSERT INTO `remittance`.`selected_field` (`selected_field_id`, `api_field_id`, `selected_field_code`, `selected_field_value`) VALUES (171, 31, 'KWT', 'Kuwait');
INSERT INTO `remittance`.`selected_field` (`selected_field_id`, `api_field_id`, `selected_field_code`, `selected_field_value`) VALUES (172, 31, 'KGZ', 'Kyrgyzstan');
INSERT INTO `remittance`.`selected_field` (`selected_field_id`, `api_field_id`, `selected_field_code`, `selected_field_value`) VALUES (173, 31, 'LAO', 'Lao People\'s Democratic Republic');
INSERT INTO `remittance`.`selected_field` (`selected_field_id`, `api_field_id`, `selected_field_code`, `selected_field_value`) VALUES (174, 31, 'LVA', 'Latvia');
INSERT INTO `remittance`.`selected_field` (`selected_field_id`, `api_field_id`, `selected_field_code`, `selected_field_value`) VALUES (175, 31, 'LBN', 'Lebanon');
INSERT INTO `remittance`.`selected_field` (`selected_field_id`, `api_field_id`, `selected_field_code`, `selected_field_value`) VALUES (176, 31, 'LBR', 'Liberia');
INSERT INTO `remittance`.`selected_field` (`selected_field_id`, `api_field_id`, `selected_field_code`, `selected_field_value`) VALUES (177, 31, 'LBY', 'Libya');
INSERT INTO `remittance`.`selected_field` (`selected_field_id`, `api_field_id`, `selected_field_code`, `selected_field_value`) VALUES (178, 31, 'LIE', 'Liechtenstein');
INSERT INTO `remittance`.`selected_field` (`selected_field_id`, `api_field_id`, `selected_field_code`, `selected_field_value`) VALUES (179, 31, 'LTU', 'Lithuania');
INSERT INTO `remittance`.`selected_field` (`selected_field_id`, `api_field_id`, `selected_field_code`, `selected_field_value`) VALUES (180, 31, 'LUX', 'Luxembourg');
INSERT INTO `remittance`.`selected_field` (`selected_field_id`, `api_field_id`, `selected_field_code`, `selected_field_value`) VALUES (181, 31, 'MAC', 'Macao');
INSERT INTO `remittance`.`selected_field` (`selected_field_id`, `api_field_id`, `selected_field_code`, `selected_field_value`) VALUES (182, 31, 'MKD', 'Macedonia (the former Yugoslav Republic of)');
INSERT INTO `remittance`.`selected_field` (`selected_field_id`, `api_field_id`, `selected_field_code`, `selected_field_value`) VALUES (183, 31, 'MYT', 'Mayotte');
INSERT INTO `remittance`.`selected_field` (`selected_field_id`, `api_field_id`, `selected_field_code`, `selected_field_value`) VALUES (184, 31, 'MDG', 'Madagascar');
INSERT INTO `remittance`.`selected_field` (`selected_field_id`, `api_field_id`, `selected_field_code`, `selected_field_value`) VALUES (185, 31, 'MWI', 'Malawi');
INSERT INTO `remittance`.`selected_field` (`selected_field_id`, `api_field_id`, `selected_field_code`, `selected_field_value`) VALUES (186, 31, 'MDV', 'Maldives');
INSERT INTO `remittance`.`selected_field` (`selected_field_id`, `api_field_id`, `selected_field_code`, `selected_field_value`) VALUES (187, 31, 'MLI', 'Mali');
INSERT INTO `remittance`.`selected_field` (`selected_field_id`, `api_field_id`, `selected_field_code`, `selected_field_value`) VALUES (188, 31, 'MLT', 'Malta');
INSERT INTO `remittance`.`selected_field` (`selected_field_id`, `api_field_id`, `selected_field_code`, `selected_field_value`) VALUES (189, 31, 'IMN', 'Isle of Man');
INSERT INTO `remittance`.`selected_field` (`selected_field_id`, `api_field_id`, `selected_field_code`, `selected_field_value`) VALUES (190, 31, 'MHL', 'Marshall Islands');
INSERT INTO `remittance`.`selected_field` (`selected_field_id`, `api_field_id`, `selected_field_code`, `selected_field_value`) VALUES (191, 31, 'MTQ', 'Martinique');
INSERT INTO `remittance`.`selected_field` (`selected_field_id`, `api_field_id`, `selected_field_code`, `selected_field_value`) VALUES (192, 31, 'MRT', 'Mauritania');
INSERT INTO `remittance`.`selected_field` (`selected_field_id`, `api_field_id`, `selected_field_code`, `selected_field_value`) VALUES (193, 31, 'MUS', 'Mauritius');
INSERT INTO `remittance`.`selected_field` (`selected_field_id`, `api_field_id`, `selected_field_code`, `selected_field_value`) VALUES (194, 31, 'MEX', 'Mexico');
INSERT INTO `remittance`.`selected_field` (`selected_field_id`, `api_field_id`, `selected_field_code`, `selected_field_value`) VALUES (195, 31, 'FSM', 'Micronesia (Federated States of)');
INSERT INTO `remittance`.`selected_field` (`selected_field_id`, `api_field_id`, `selected_field_code`, `selected_field_value`) VALUES (196, 31, 'MDA', 'Moldova (Republic of)');
INSERT INTO `remittance`.`selected_field` (`selected_field_id`, `api_field_id`, `selected_field_code`, `selected_field_value`) VALUES (197, 31, 'MNG', 'Mongolia');
INSERT INTO `remittance`.`selected_field` (`selected_field_id`, `api_field_id`, `selected_field_code`, `selected_field_value`) VALUES (198, 31, 'MNE', 'Montenegro');
INSERT INTO `remittance`.`selected_field` (`selected_field_id`, `api_field_id`, `selected_field_code`, `selected_field_value`) VALUES (199, 31, 'MSR', 'Montserrat');
INSERT INTO `remittance`.`selected_field` (`selected_field_id`, `api_field_id`, `selected_field_code`, `selected_field_value`) VALUES (200, 31, 'MCO', 'Monaco');
INSERT INTO `remittance`.`selected_field` (`selected_field_id`, `api_field_id`, `selected_field_code`, `selected_field_value`) VALUES (201, 31, 'MAR', 'Morocco');
INSERT INTO `remittance`.`selected_field` (`selected_field_id`, `api_field_id`, `selected_field_code`, `selected_field_value`) VALUES (202, 31, 'BWA', 'Botswana');
INSERT INTO `remittance`.`selected_field` (`selected_field_id`, `api_field_id`, `selected_field_code`, `selected_field_value`) VALUES (203, 31, 'MOZ', 'Mozambique');
INSERT INTO `remittance`.`selected_field` (`selected_field_id`, `api_field_id`, `selected_field_code`, `selected_field_value`) VALUES (204, 31, 'NAM', 'Namibia');
INSERT INTO `remittance`.`selected_field` (`selected_field_id`, `api_field_id`, `selected_field_code`, `selected_field_value`) VALUES (205, 31, 'NRU', 'Nauru');
INSERT INTO `remittance`.`selected_field` (`selected_field_id`, `api_field_id`, `selected_field_code`, `selected_field_value`) VALUES (206, 31, 'NPL', 'Nepal');
INSERT INTO `remittance`.`selected_field` (`selected_field_id`, `api_field_id`, `selected_field_code`, `selected_field_value`) VALUES (207, 31, 'NCL', 'New Caledonia');
INSERT INTO `remittance`.`selected_field` (`selected_field_id`, `api_field_id`, `selected_field_code`, `selected_field_value`) VALUES (208, 31, 'NZL', 'New Zealand');
INSERT INTO `remittance`.`selected_field` (`selected_field_id`, `api_field_id`, `selected_field_code`, `selected_field_value`) VALUES (209, 31, 'VUT', 'Vanuatu');
INSERT INTO `remittance`.`selected_field` (`selected_field_id`, `api_field_id`, `selected_field_code`, `selected_field_value`) VALUES (210, 31, 'NIC', 'Nicaragua');
INSERT INTO `remittance`.`selected_field` (`selected_field_id`, `api_field_id`, `selected_field_code`, `selected_field_value`) VALUES (211, 31, 'NGA', 'Nigeria');
INSERT INTO `remittance`.`selected_field` (`selected_field_id`, `api_field_id`, `selected_field_code`, `selected_field_value`) VALUES (212, 31, 'NER', 'Niger');
INSERT INTO `remittance`.`selected_field` (`selected_field_id`, `api_field_id`, `selected_field_code`, `selected_field_value`) VALUES (213, 31, 'NIU', 'Niue');
INSERT INTO `remittance`.`selected_field` (`selected_field_id`, `api_field_id`, `selected_field_code`, `selected_field_value`) VALUES (214, 31, 'NFK', 'Norfolk Island');
INSERT INTO `remittance`.`selected_field` (`selected_field_id`, `api_field_id`, `selected_field_code`, `selected_field_value`) VALUES (215, 31, 'PRK', 'Korea (Democratic People\'s Republic of)');
INSERT INTO `remittance`.`selected_field` (`selected_field_id`, `api_field_id`, `selected_field_code`, `selected_field_value`) VALUES (216, 31, 'MNP', 'Northern Mariana Islands');
INSERT INTO `remittance`.`selected_field` (`selected_field_id`, `api_field_id`, `selected_field_code`, `selected_field_value`) VALUES (217, 31, 'NOR', 'Norway');
INSERT INTO `remittance`.`selected_field` (`selected_field_id`, `api_field_id`, `selected_field_code`, `selected_field_value`) VALUES (218, 31, 'OMN', 'Oman');
INSERT INTO `remittance`.`selected_field` (`selected_field_id`, `api_field_id`, `selected_field_code`, `selected_field_value`) VALUES (219, 31, 'PAK', 'Pakistan');
INSERT INTO `remittance`.`selected_field` (`selected_field_id`, `api_field_id`, `selected_field_code`, `selected_field_value`) VALUES (220, 31, 'PLW', 'Palau');
INSERT INTO `remittance`.`selected_field` (`selected_field_id`, `api_field_id`, `selected_field_code`, `selected_field_value`) VALUES (221, 31, 'PSE', 'Palestine State of');
INSERT INTO `remittance`.`selected_field` (`selected_field_id`, `api_field_id`, `selected_field_code`, `selected_field_value`) VALUES (222, 31, 'PAN', 'Panama');
INSERT INTO `remittance`.`selected_field` (`selected_field_id`, `api_field_id`, `selected_field_code`, `selected_field_value`) VALUES (223, 31, 'PNG', 'Papua New Guinea');
INSERT INTO `remittance`.`selected_field` (`selected_field_id`, `api_field_id`, `selected_field_code`, `selected_field_value`) VALUES (224, 31, 'PRY', 'Paraguay');
INSERT INTO `remittance`.`selected_field` (`selected_field_id`, `api_field_id`, `selected_field_code`, `selected_field_value`) VALUES (225, 31, 'PER', 'Peru');
INSERT INTO `remittance`.`selected_field` (`selected_field_id`, `api_field_id`, `selected_field_code`, `selected_field_value`) VALUES (226, 31, 'PHL', 'Philippines');
INSERT INTO `remittance`.`selected_field` (`selected_field_id`, `api_field_id`, `selected_field_code`, `selected_field_value`) VALUES (227, 31, 'PCN', 'Pitcairn');
INSERT INTO `remittance`.`selected_field` (`selected_field_id`, `api_field_id`, `selected_field_code`, `selected_field_value`) VALUES (228, 31, 'POL', 'Poland');
INSERT INTO `remittance`.`selected_field` (`selected_field_id`, `api_field_id`, `selected_field_code`, `selected_field_value`) VALUES (229, 31, 'PRT', 'Portugal');
INSERT INTO `remittance`.`selected_field` (`selected_field_id`, `api_field_id`, `selected_field_code`, `selected_field_value`) VALUES (230, 31, 'PRI', 'Puerto Rico');
INSERT INTO `remittance`.`selected_field` (`selected_field_id`, `api_field_id`, `selected_field_code`, `selected_field_value`) VALUES (231, 31, 'QAT', 'Qatar');
INSERT INTO `remittance`.`selected_field` (`selected_field_id`, `api_field_id`, `selected_field_code`, `selected_field_value`) VALUES (232, 31, 'ROU', 'Romania');
INSERT INTO `remittance`.`selected_field` (`selected_field_id`, `api_field_id`, `selected_field_code`, `selected_field_value`) VALUES (233, 31, 'RUS', 'Russian Federation');
INSERT INTO `remittance`.`selected_field` (`selected_field_id`, `api_field_id`, `selected_field_code`, `selected_field_value`) VALUES (234, 31, 'RWA', 'Rwanda');
INSERT INTO `remittance`.`selected_field` (`selected_field_id`, `api_field_id`, `selected_field_code`, `selected_field_value`) VALUES (235, 31, 'REU', 'Réunion');
INSERT INTO `remittance`.`selected_field` (`selected_field_id`, `api_field_id`, `selected_field_code`, `selected_field_value`) VALUES (236, 31, 'ESH', 'Western Sahara');
INSERT INTO `remittance`.`selected_field` (`selected_field_id`, `api_field_id`, `selected_field_code`, `selected_field_value`) VALUES (237, 31, 'SHN', 'Saint Helena Ascension and Tristan da Cunha');
INSERT INTO `remittance`.`selected_field` (`selected_field_id`, `api_field_id`, `selected_field_code`, `selected_field_value`) VALUES (238, 31, 'LCA', 'Saint Lucia');
INSERT INTO `remittance`.`selected_field` (`selected_field_id`, `api_field_id`, `selected_field_code`, `selected_field_value`) VALUES (239, 31, 'VCT', 'Saint Vincent and the Grenadines');
INSERT INTO `remittance`.`selected_field` (`selected_field_id`, `api_field_id`, `selected_field_code`, `selected_field_value`) VALUES (240, 31, 'MAF', 'Saint Martin (French part)');
INSERT INTO `remittance`.`selected_field` (`selected_field_id`, `api_field_id`, `selected_field_code`, `selected_field_value`) VALUES (241, 31, 'SPM', 'Saint Pierre and Miquelon');
INSERT INTO `remittance`.`selected_field` (`selected_field_id`, `api_field_id`, `selected_field_code`, `selected_field_value`) VALUES (242, 31, 'SLV', 'El Salvador');
INSERT INTO `remittance`.`selected_field` (`selected_field_id`, `api_field_id`, `selected_field_code`, `selected_field_value`) VALUES (243, 31, 'SMR', 'San Marino');
INSERT INTO `remittance`.`selected_field` (`selected_field_id`, `api_field_id`, `selected_field_code`, `selected_field_value`) VALUES (244, 31, 'WSM', 'Samoa');
INSERT INTO `remittance`.`selected_field` (`selected_field_id`, `api_field_id`, `selected_field_code`, `selected_field_value`) VALUES (245, 31, 'SAU', 'Saudi Arabia');
INSERT INTO `remittance`.`selected_field` (`selected_field_id`, `api_field_id`, `selected_field_code`, `selected_field_value`) VALUES (246, 31, 'SEN', 'Senegal');
INSERT INTO `remittance`.`selected_field` (`selected_field_id`, `api_field_id`, `selected_field_code`, `selected_field_value`) VALUES (247, 31, 'SRB', 'Serbia');
INSERT INTO `remittance`.`selected_field` (`selected_field_id`, `api_field_id`, `selected_field_code`, `selected_field_value`) VALUES (248, 31, 'SYC', 'Seychelles');
INSERT INTO `remittance`.`selected_field` (`selected_field_id`, `api_field_id`, `selected_field_code`, `selected_field_value`) VALUES (249, 31, 'SLE', 'Sierra Leone');
INSERT INTO `remittance`.`selected_field` (`selected_field_id`, `api_field_id`, `selected_field_code`, `selected_field_value`) VALUES (250, 31, 'SXM', 'Sint Maarten (Dutch part)');
INSERT INTO `remittance`.`selected_field` (`selected_field_id`, `api_field_id`, `selected_field_code`, `selected_field_value`) VALUES (251, 31, 'SVK', 'Slovakia');
INSERT INTO `remittance`.`selected_field` (`selected_field_id`, `api_field_id`, `selected_field_code`, `selected_field_value`) VALUES (252, 31, 'SVN', 'Slovenia');
INSERT INTO `remittance`.`selected_field` (`selected_field_id`, `api_field_id`, `selected_field_code`, `selected_field_value`) VALUES (253, 31, 'SLB', 'Solomon Islands');
INSERT INTO `remittance`.`selected_field` (`selected_field_id`, `api_field_id`, `selected_field_code`, `selected_field_value`) VALUES (254, 31, 'SOM', 'Somalia');
INSERT INTO `remittance`.`selected_field` (`selected_field_id`, `api_field_id`, `selected_field_code`, `selected_field_value`) VALUES (255, 31, 'ZAF', 'South Africa');
INSERT INTO `remittance`.`selected_field` (`selected_field_id`, `api_field_id`, `selected_field_code`, `selected_field_value`) VALUES (256, 31, 'SGS', 'South Georgia and the South Sandwich Islands');
INSERT INTO `remittance`.`selected_field` (`selected_field_id`, `api_field_id`, `selected_field_code`, `selected_field_value`) VALUES (257, 31, 'KOR', 'Korea (Republic of)');
INSERT INTO `remittance`.`selected_field` (`selected_field_id`, `api_field_id`, `selected_field_code`, `selected_field_value`) VALUES (258, 31, 'SSD', 'South Sudan');
INSERT INTO `remittance`.`selected_field` (`selected_field_id`, `api_field_id`, `selected_field_code`, `selected_field_value`) VALUES (259, 31, 'ESP', 'Spain');
INSERT INTO `remittance`.`selected_field` (`selected_field_id`, `api_field_id`, `selected_field_code`, `selected_field_value`) VALUES (260, 31, 'LKA', 'Sri Lanka');
INSERT INTO `remittance`.`selected_field` (`selected_field_id`, `api_field_id`, `selected_field_code`, `selected_field_value`) VALUES (261, 31, 'SDN', 'Sudan');
INSERT INTO `remittance`.`selected_field` (`selected_field_id`, `api_field_id`, `selected_field_code`, `selected_field_value`) VALUES (262, 31, 'SUR', 'Suriname');
INSERT INTO `remittance`.`selected_field` (`selected_field_id`, `api_field_id`, `selected_field_code`, `selected_field_value`) VALUES (263, 31, 'SJM', 'Svalbard and Jan Mayen');
INSERT INTO `remittance`.`selected_field` (`selected_field_id`, `api_field_id`, `selected_field_code`, `selected_field_value`) VALUES (264, 31, 'SWZ', 'Swaziland');
INSERT INTO `remittance`.`selected_field` (`selected_field_id`, `api_field_id`, `selected_field_code`, `selected_field_value`) VALUES (265, 31, 'SWE', 'Sweden');
INSERT INTO `remittance`.`selected_field` (`selected_field_id`, `api_field_id`, `selected_field_code`, `selected_field_value`) VALUES (266, 31, 'CHE', 'Switzerland');
INSERT INTO `remittance`.`selected_field` (`selected_field_id`, `api_field_id`, `selected_field_code`, `selected_field_value`) VALUES (267, 31, 'SYR', 'Syrian Arab Republic');
INSERT INTO `remittance`.`selected_field` (`selected_field_id`, `api_field_id`, `selected_field_code`, `selected_field_value`) VALUES (268, 31, 'STP', 'Sao Tome and Principe');
INSERT INTO `remittance`.`selected_field` (`selected_field_id`, `api_field_id`, `selected_field_code`, `selected_field_value`) VALUES (269, 31, 'TJK', 'Tajikistan');
INSERT INTO `remittance`.`selected_field` (`selected_field_id`, `api_field_id`, `selected_field_code`, `selected_field_value`) VALUES (270, 31, 'TZA', 'Tanzania United Republic of');
INSERT INTO `remittance`.`selected_field` (`selected_field_id`, `api_field_id`, `selected_field_code`, `selected_field_value`) VALUES (271, 31, 'THA', 'Thailand');
INSERT INTO `remittance`.`selected_field` (`selected_field_id`, `api_field_id`, `selected_field_code`, `selected_field_value`) VALUES (272, 31, 'TLS', 'Timor-Leste');
INSERT INTO `remittance`.`selected_field` (`selected_field_id`, `api_field_id`, `selected_field_code`, `selected_field_value`) VALUES (273, 31, 'TGO', 'Togo');
INSERT INTO `remittance`.`selected_field` (`selected_field_id`, `api_field_id`, `selected_field_code`, `selected_field_value`) VALUES (274, 31, 'TKL', 'Tokelau');
INSERT INTO `remittance`.`selected_field` (`selected_field_id`, `api_field_id`, `selected_field_code`, `selected_field_value`) VALUES (275, 31, 'TON', 'Tonga');
INSERT INTO `remittance`.`selected_field` (`selected_field_id`, `api_field_id`, `selected_field_code`, `selected_field_value`) VALUES (276, 31, 'TTO', 'Trinidad and Tobago');
INSERT INTO `remittance`.`selected_field` (`selected_field_id`, `api_field_id`, `selected_field_code`, `selected_field_value`) VALUES (277, 31, 'TUN', 'Tunisia');
INSERT INTO `remittance`.`selected_field` (`selected_field_id`, `api_field_id`, `selected_field_code`, `selected_field_value`) VALUES (278, 31, 'TUR', 'Turkey');
INSERT INTO `remittance`.`selected_field` (`selected_field_id`, `api_field_id`, `selected_field_code`, `selected_field_value`) VALUES (279, 31, 'TKM', 'Turkmenistan');
INSERT INTO `remittance`.`selected_field` (`selected_field_id`, `api_field_id`, `selected_field_code`, `selected_field_value`) VALUES (280, 31, 'TCA', 'Turks and Caicos Islands');
INSERT INTO `remittance`.`selected_field` (`selected_field_id`, `api_field_id`, `selected_field_code`, `selected_field_value`) VALUES (281, 31, 'TUV', 'Tuvalu');
INSERT INTO `remittance`.`selected_field` (`selected_field_id`, `api_field_id`, `selected_field_code`, `selected_field_value`) VALUES (282, 31, 'VIR', 'Virgin Islands (U.S.)');
INSERT INTO `remittance`.`selected_field` (`selected_field_id`, `api_field_id`, `selected_field_code`, `selected_field_value`) VALUES (283, 31, 'UGA', 'Uganda');
INSERT INTO `remittance`.`selected_field` (`selected_field_id`, `api_field_id`, `selected_field_code`, `selected_field_value`) VALUES (284, 31, 'UKR', 'Ukraine');
INSERT INTO `remittance`.`selected_field` (`selected_field_id`, `api_field_id`, `selected_field_code`, `selected_field_value`) VALUES (285, 31, 'URY', 'Uruguay');
INSERT INTO `remittance`.`selected_field` (`selected_field_id`, `api_field_id`, `selected_field_code`, `selected_field_value`) VALUES (286, 31, 'UZB', 'Uzbekistan');
INSERT INTO `remittance`.`selected_field` (`selected_field_id`, `api_field_id`, `selected_field_code`, `selected_field_value`) VALUES (287, 31, 'VAT', 'Vatican City State');
INSERT INTO `remittance`.`selected_field` (`selected_field_id`, `api_field_id`, `selected_field_code`, `selected_field_value`) VALUES (288, 31, 'VEN', 'Venezuela (Bolivarian Republic of)');
INSERT INTO `remittance`.`selected_field` (`selected_field_id`, `api_field_id`, `selected_field_code`, `selected_field_value`) VALUES (289, 31, 'VNM', 'Vietnam');
INSERT INTO `remittance`.`selected_field` (`selected_field_id`, `api_field_id`, `selected_field_code`, `selected_field_value`) VALUES (290, 31, 'WLF', 'Wallis and Futuna');
INSERT INTO `remittance`.`selected_field` (`selected_field_id`, `api_field_id`, `selected_field_code`, `selected_field_value`) VALUES (291, 31, 'YEM', 'Yemen');
INSERT INTO `remittance`.`selected_field` (`selected_field_id`, `api_field_id`, `selected_field_code`, `selected_field_value`) VALUES (292, 31, 'ZMB', 'Zambia');
INSERT INTO `remittance`.`selected_field` (`selected_field_id`, `api_field_id`, `selected_field_code`, `selected_field_value`) VALUES (293, 31, 'ZWE', 'Zimbabwe');
INSERT INTO `remittance`.`selected_field` (`selected_field_id`, `api_field_id`, `selected_field_code`, `selected_field_value`) VALUES (294, 31, 'ALA', 'Åland Islands');
INSERT INTO `remittance`.`selected_field` (`selected_field_id`, `api_field_id`, `selected_field_code`, `selected_field_value`) VALUES (295, 32, 'national', 'National');
INSERT INTO `remittance`.`selected_field` (`selected_field_id`, `api_field_id`, `selected_field_code`, `selected_field_value`) VALUES (296, 32, 'passport', 'Passport');
INSERT INTO `remittance`.`selected_field` (`selected_field_id`, `api_field_id`, `selected_field_code`, `selected_field_value`) VALUES (297, 33, 'SGP', 'Singapore');
INSERT INTO `remittance`.`selected_field` (`selected_field_id`, `api_field_id`, `selected_field_code`, `selected_field_value`) VALUES (298, 33, 'MYS', 'Malaysia');
INSERT INTO `remittance`.`selected_field` (`selected_field_id`, `api_field_id`, `selected_field_code`, `selected_field_value`) VALUES (299, 33, 'CHN', 'China');
INSERT INTO `remittance`.`selected_field` (`selected_field_id`, `api_field_id`, `selected_field_code`, `selected_field_value`) VALUES (300, 33, 'IND', 'India');
INSERT INTO `remittance`.`selected_field` (`selected_field_id`, `api_field_id`, `selected_field_code`, `selected_field_value`) VALUES (301, 33, 'AFG', 'Afghanistan');
INSERT INTO `remittance`.`selected_field` (`selected_field_id`, `api_field_id`, `selected_field_code`, `selected_field_value`) VALUES (302, 33, 'ALB', 'Albania');
INSERT INTO `remittance`.`selected_field` (`selected_field_id`, `api_field_id`, `selected_field_code`, `selected_field_value`) VALUES (303, 33, 'DZA', 'Algeria');
INSERT INTO `remittance`.`selected_field` (`selected_field_id`, `api_field_id`, `selected_field_code`, `selected_field_value`) VALUES (304, 33, 'USA', 'United States of America');
INSERT INTO `remittance`.`selected_field` (`selected_field_id`, `api_field_id`, `selected_field_code`, `selected_field_value`) VALUES (305, 33, 'ASM', 'American Samoa');
INSERT INTO `remittance`.`selected_field` (`selected_field_id`, `api_field_id`, `selected_field_code`, `selected_field_value`) VALUES (306, 33, 'AND', 'Andorra');
INSERT INTO `remittance`.`selected_field` (`selected_field_id`, `api_field_id`, `selected_field_code`, `selected_field_value`) VALUES (307, 33, 'AGO', 'Angola');
INSERT INTO `remittance`.`selected_field` (`selected_field_id`, `api_field_id`, `selected_field_code`, `selected_field_value`) VALUES (308, 33, 'AIA', 'Anguilla');
INSERT INTO `remittance`.`selected_field` (`selected_field_id`, `api_field_id`, `selected_field_code`, `selected_field_value`) VALUES (309, 33, 'ATA', 'Antarctica');
INSERT INTO `remittance`.`selected_field` (`selected_field_id`, `api_field_id`, `selected_field_code`, `selected_field_value`) VALUES (310, 33, 'ATG', 'Antigua and Barbuda');
INSERT INTO `remittance`.`selected_field` (`selected_field_id`, `api_field_id`, `selected_field_code`, `selected_field_value`) VALUES (311, 33, 'ARG', 'Argentina');
INSERT INTO `remittance`.`selected_field` (`selected_field_id`, `api_field_id`, `selected_field_code`, `selected_field_value`) VALUES (312, 33, 'ARM', 'Armenia');
INSERT INTO `remittance`.`selected_field` (`selected_field_id`, `api_field_id`, `selected_field_code`, `selected_field_value`) VALUES (313, 33, 'ABW', 'Aruba');
INSERT INTO `remittance`.`selected_field` (`selected_field_id`, `api_field_id`, `selected_field_code`, `selected_field_value`) VALUES (314, 33, 'AUS', 'Australia');
INSERT INTO `remittance`.`selected_field` (`selected_field_id`, `api_field_id`, `selected_field_code`, `selected_field_value`) VALUES (315, 33, 'AUT', 'Austria');
INSERT INTO `remittance`.`selected_field` (`selected_field_id`, `api_field_id`, `selected_field_code`, `selected_field_value`) VALUES (316, 33, 'AZE', 'Azerbaijan');
INSERT INTO `remittance`.`selected_field` (`selected_field_id`, `api_field_id`, `selected_field_code`, `selected_field_value`) VALUES (317, 33, 'IOT', 'British Indian Ocean Territory');
INSERT INTO `remittance`.`selected_field` (`selected_field_id`, `api_field_id`, `selected_field_code`, `selected_field_value`) VALUES (318, 33, 'BHS', 'Bahamas');
INSERT INTO `remittance`.`selected_field` (`selected_field_id`, `api_field_id`, `selected_field_code`, `selected_field_value`) VALUES (319, 33, 'BHR', 'Bahrain');
INSERT INTO `remittance`.`selected_field` (`selected_field_id`, `api_field_id`, `selected_field_code`, `selected_field_value`) VALUES (320, 33, 'BGD', 'Bangladesh');
INSERT INTO `remittance`.`selected_field` (`selected_field_id`, `api_field_id`, `selected_field_code`, `selected_field_value`) VALUES (321, 33, 'BRB', 'Barbados');
INSERT INTO `remittance`.`selected_field` (`selected_field_id`, `api_field_id`, `selected_field_code`, `selected_field_value`) VALUES (322, 33, 'BLM', 'Saint Barthélemy');
INSERT INTO `remittance`.`selected_field` (`selected_field_id`, `api_field_id`, `selected_field_code`, `selected_field_value`) VALUES (323, 33, 'LSO', 'Lesotho');
INSERT INTO `remittance`.`selected_field` (`selected_field_id`, `api_field_id`, `selected_field_code`, `selected_field_value`) VALUES (324, 33, 'BLR', 'Belarus');
INSERT INTO `remittance`.`selected_field` (`selected_field_id`, `api_field_id`, `selected_field_code`, `selected_field_value`) VALUES (325, 33, 'BEL', 'Belgium');
INSERT INTO `remittance`.`selected_field` (`selected_field_id`, `api_field_id`, `selected_field_code`, `selected_field_value`) VALUES (326, 33, 'BLZ', 'Belize');
INSERT INTO `remittance`.`selected_field` (`selected_field_id`, `api_field_id`, `selected_field_code`, `selected_field_value`) VALUES (327, 33, 'BEN', 'Benin');
INSERT INTO `remittance`.`selected_field` (`selected_field_id`, `api_field_id`, `selected_field_code`, `selected_field_value`) VALUES (328, 33, 'BMU', 'Bermuda');
INSERT INTO `remittance`.`selected_field` (`selected_field_id`, `api_field_id`, `selected_field_code`, `selected_field_value`) VALUES (329, 33, 'BTN', 'Bhutan');
INSERT INTO `remittance`.`selected_field` (`selected_field_id`, `api_field_id`, `selected_field_code`, `selected_field_value`) VALUES (330, 33, 'GNB', 'Guinea-Bissau');
INSERT INTO `remittance`.`selected_field` (`selected_field_id`, `api_field_id`, `selected_field_code`, `selected_field_value`) VALUES (331, 33, 'BOL', 'Bolivia (Plurinational State of)');
INSERT INTO `remittance`.`selected_field` (`selected_field_id`, `api_field_id`, `selected_field_code`, `selected_field_value`) VALUES (332, 33, 'BES', 'Bonaire Sint Eustatius and Saba');
INSERT INTO `remittance`.`selected_field` (`selected_field_id`, `api_field_id`, `selected_field_code`, `selected_field_value`) VALUES (333, 33, 'BIH', 'Bosnia and Herzegovina');
INSERT INTO `remittance`.`selected_field` (`selected_field_id`, `api_field_id`, `selected_field_code`, `selected_field_value`) VALUES (334, 33, 'BVT', 'Bouvet Island');
INSERT INTO `remittance`.`selected_field` (`selected_field_id`, `api_field_id`, `selected_field_code`, `selected_field_value`) VALUES (335, 33, 'BRA', 'Brazil');
INSERT INTO `remittance`.`selected_field` (`selected_field_id`, `api_field_id`, `selected_field_code`, `selected_field_value`) VALUES (336, 33, 'VGB', 'Virgin Islands (British)');
INSERT INTO `remittance`.`selected_field` (`selected_field_id`, `api_field_id`, `selected_field_code`, `selected_field_value`) VALUES (337, 33, 'GBR', 'United Kingdom of Great Britain and Northern Ireland');
INSERT INTO `remittance`.`selected_field` (`selected_field_id`, `api_field_id`, `selected_field_code`, `selected_field_value`) VALUES (338, 33, 'BRN', 'Brunei Darussalam');
INSERT INTO `remittance`.`selected_field` (`selected_field_id`, `api_field_id`, `selected_field_code`, `selected_field_value`) VALUES (339, 33, 'BGR', 'Bulgaria');
INSERT INTO `remittance`.`selected_field` (`selected_field_id`, `api_field_id`, `selected_field_code`, `selected_field_value`) VALUES (340, 33, 'BFA', 'Burkina Faso');
INSERT INTO `remittance`.`selected_field` (`selected_field_id`, `api_field_id`, `selected_field_code`, `selected_field_value`) VALUES (341, 33, 'MMR', 'Myanmar');
INSERT INTO `remittance`.`selected_field` (`selected_field_id`, `api_field_id`, `selected_field_code`, `selected_field_value`) VALUES (342, 33, 'BDI', 'Burundi');
INSERT INTO `remittance`.`selected_field` (`selected_field_id`, `api_field_id`, `selected_field_code`, `selected_field_value`) VALUES (343, 33, 'CPV', 'Cabo Verde');
INSERT INTO `remittance`.`selected_field` (`selected_field_id`, `api_field_id`, `selected_field_code`, `selected_field_value`) VALUES (344, 33, 'KHM', 'Cambodia');
INSERT INTO `remittance`.`selected_field` (`selected_field_id`, `api_field_id`, `selected_field_code`, `selected_field_value`) VALUES (345, 33, 'CMR', 'Cameroon');
INSERT INTO `remittance`.`selected_field` (`selected_field_id`, `api_field_id`, `selected_field_code`, `selected_field_value`) VALUES (346, 33, 'CAN', 'Canada');
INSERT INTO `remittance`.`selected_field` (`selected_field_id`, `api_field_id`, `selected_field_code`, `selected_field_value`) VALUES (347, 33, 'CYM', 'Cayman Islands');
INSERT INTO `remittance`.`selected_field` (`selected_field_id`, `api_field_id`, `selected_field_code`, `selected_field_value`) VALUES (348, 33, 'CAF', 'Central African Republic');
INSERT INTO `remittance`.`selected_field` (`selected_field_id`, `api_field_id`, `selected_field_code`, `selected_field_value`) VALUES (349, 33, 'TCD', 'Chad');
INSERT INTO `remittance`.`selected_field` (`selected_field_id`, `api_field_id`, `selected_field_code`, `selected_field_value`) VALUES (350, 33, 'JEY', 'Jersey');
INSERT INTO `remittance`.`selected_field` (`selected_field_id`, `api_field_id`, `selected_field_code`, `selected_field_value`) VALUES (351, 33, 'GGY', 'Guernsey');
INSERT INTO `remittance`.`selected_field` (`selected_field_id`, `api_field_id`, `selected_field_code`, `selected_field_value`) VALUES (352, 33, 'CHL', 'Chile');
INSERT INTO `remittance`.`selected_field` (`selected_field_id`, `api_field_id`, `selected_field_code`, `selected_field_value`) VALUES (353, 33, 'TWN', 'Taiwan Province of China');
INSERT INTO `remittance`.`selected_field` (`selected_field_id`, `api_field_id`, `selected_field_code`, `selected_field_value`) VALUES (354, 33, 'CXR', 'Christmas Island');
INSERT INTO `remittance`.`selected_field` (`selected_field_id`, `api_field_id`, `selected_field_code`, `selected_field_value`) VALUES (355, 33, 'CCK', 'Cocos (Keeling) Islands');
INSERT INTO `remittance`.`selected_field` (`selected_field_id`, `api_field_id`, `selected_field_code`, `selected_field_value`) VALUES (356, 33, 'COL', 'Colombia');
INSERT INTO `remittance`.`selected_field` (`selected_field_id`, `api_field_id`, `selected_field_code`, `selected_field_value`) VALUES (357, 33, 'COM', 'Comoros');
INSERT INTO `remittance`.`selected_field` (`selected_field_id`, `api_field_id`, `selected_field_code`, `selected_field_value`) VALUES (358, 33, 'COG', 'Congo (Republic of the)');
INSERT INTO `remittance`.`selected_field` (`selected_field_id`, `api_field_id`, `selected_field_code`, `selected_field_value`) VALUES (359, 33, 'COD', 'Congo (Democratic Republic of the)');
INSERT INTO `remittance`.`selected_field` (`selected_field_id`, `api_field_id`, `selected_field_code`, `selected_field_value`) VALUES (360, 33, 'COK', 'Cook Islands');
INSERT INTO `remittance`.`selected_field` (`selected_field_id`, `api_field_id`, `selected_field_code`, `selected_field_value`) VALUES (361, 33, 'CRI', 'Costa Rica');
INSERT INTO `remittance`.`selected_field` (`selected_field_id`, `api_field_id`, `selected_field_code`, `selected_field_value`) VALUES (362, 33, 'HRV', 'Croatia');
INSERT INTO `remittance`.`selected_field` (`selected_field_id`, `api_field_id`, `selected_field_code`, `selected_field_value`) VALUES (363, 33, 'CUB', 'Cuba');
INSERT INTO `remittance`.`selected_field` (`selected_field_id`, `api_field_id`, `selected_field_code`, `selected_field_value`) VALUES (364, 33, 'CUW', 'Curaçao');
INSERT INTO `remittance`.`selected_field` (`selected_field_id`, `api_field_id`, `selected_field_code`, `selected_field_value`) VALUES (365, 33, 'CYP', 'Cyprus');
INSERT INTO `remittance`.`selected_field` (`selected_field_id`, `api_field_id`, `selected_field_code`, `selected_field_value`) VALUES (366, 33, 'CZE', 'Czech Republic');
INSERT INTO `remittance`.`selected_field` (`selected_field_id`, `api_field_id`, `selected_field_code`, `selected_field_value`) VALUES (367, 33, 'DNK', 'Denmark');
INSERT INTO `remittance`.`selected_field` (`selected_field_id`, `api_field_id`, `selected_field_code`, `selected_field_value`) VALUES (368, 33, 'DJI', 'Djibouti');
INSERT INTO `remittance`.`selected_field` (`selected_field_id`, `api_field_id`, `selected_field_code`, `selected_field_value`) VALUES (369, 33, 'DMA', 'Dominica');
INSERT INTO `remittance`.`selected_field` (`selected_field_id`, `api_field_id`, `selected_field_code`, `selected_field_value`) VALUES (370, 33, 'DOM', 'Dominican Republic');
INSERT INTO `remittance`.`selected_field` (`selected_field_id`, `api_field_id`, `selected_field_code`, `selected_field_value`) VALUES (371, 33, 'NLD', 'Netherlands');
INSERT INTO `remittance`.`selected_field` (`selected_field_id`, `api_field_id`, `selected_field_code`, `selected_field_value`) VALUES (372, 33, 'ECU', 'Ecuador');
INSERT INTO `remittance`.`selected_field` (`selected_field_id`, `api_field_id`, `selected_field_code`, `selected_field_value`) VALUES (373, 33, 'EGY', 'Egypt');
INSERT INTO `remittance`.`selected_field` (`selected_field_id`, `api_field_id`, `selected_field_code`, `selected_field_value`) VALUES (374, 33, 'ARE', 'United Arab Emirates');
INSERT INTO `remittance`.`selected_field` (`selected_field_id`, `api_field_id`, `selected_field_code`, `selected_field_value`) VALUES (375, 33, 'GNQ', 'Equatorial Guinea');
INSERT INTO `remittance`.`selected_field` (`selected_field_id`, `api_field_id`, `selected_field_code`, `selected_field_value`) VALUES (376, 33, 'ERI', 'Eritrea');
INSERT INTO `remittance`.`selected_field` (`selected_field_id`, `api_field_id`, `selected_field_code`, `selected_field_value`) VALUES (377, 33, 'EST', 'Estonia');
INSERT INTO `remittance`.`selected_field` (`selected_field_id`, `api_field_id`, `selected_field_code`, `selected_field_value`) VALUES (378, 33, 'ETH', 'Ethiopia');
INSERT INTO `remittance`.`selected_field` (`selected_field_id`, `api_field_id`, `selected_field_code`, `selected_field_value`) VALUES (379, 33, 'FLK', 'Falkland Islands (Malvinas)');
INSERT INTO `remittance`.`selected_field` (`selected_field_id`, `api_field_id`, `selected_field_code`, `selected_field_value`) VALUES (380, 33, 'FRO', 'Faroe Islands');
INSERT INTO `remittance`.`selected_field` (`selected_field_id`, `api_field_id`, `selected_field_code`, `selected_field_value`) VALUES (381, 33, 'FJI', 'Fiji');
INSERT INTO `remittance`.`selected_field` (`selected_field_id`, `api_field_id`, `selected_field_code`, `selected_field_value`) VALUES (382, 33, 'FIN', 'Finland');
INSERT INTO `remittance`.`selected_field` (`selected_field_id`, `api_field_id`, `selected_field_code`, `selected_field_value`) VALUES (383, 33, 'FRA', 'France');
INSERT INTO `remittance`.`selected_field` (`selected_field_id`, `api_field_id`, `selected_field_code`, `selected_field_value`) VALUES (384, 33, 'GUF', 'French Guiana');
INSERT INTO `remittance`.`selected_field` (`selected_field_id`, `api_field_id`, `selected_field_code`, `selected_field_value`) VALUES (385, 33, 'PYF', 'French Polynesia');
INSERT INTO `remittance`.`selected_field` (`selected_field_id`, `api_field_id`, `selected_field_code`, `selected_field_value`) VALUES (386, 33, 'ATF', 'French Southern Territories');
INSERT INTO `remittance`.`selected_field` (`selected_field_id`, `api_field_id`, `selected_field_code`, `selected_field_value`) VALUES (387, 33, 'GAB', 'Gabon');
INSERT INTO `remittance`.`selected_field` (`selected_field_id`, `api_field_id`, `selected_field_code`, `selected_field_value`) VALUES (388, 33, 'GMB', 'Gambia');
INSERT INTO `remittance`.`selected_field` (`selected_field_id`, `api_field_id`, `selected_field_code`, `selected_field_value`) VALUES (389, 33, 'GEO', 'Georgia');
INSERT INTO `remittance`.`selected_field` (`selected_field_id`, `api_field_id`, `selected_field_code`, `selected_field_value`) VALUES (390, 33, 'DEU', 'Germany');
INSERT INTO `remittance`.`selected_field` (`selected_field_id`, `api_field_id`, `selected_field_code`, `selected_field_value`) VALUES (391, 33, 'GHA', 'Ghana');
INSERT INTO `remittance`.`selected_field` (`selected_field_id`, `api_field_id`, `selected_field_code`, `selected_field_value`) VALUES (392, 33, 'GIB', 'Gibraltar');
INSERT INTO `remittance`.`selected_field` (`selected_field_id`, `api_field_id`, `selected_field_code`, `selected_field_value`) VALUES (393, 33, 'GRC', 'Greece');
INSERT INTO `remittance`.`selected_field` (`selected_field_id`, `api_field_id`, `selected_field_code`, `selected_field_value`) VALUES (394, 33, 'GRL', 'Greenland');
INSERT INTO `remittance`.`selected_field` (`selected_field_id`, `api_field_id`, `selected_field_code`, `selected_field_value`) VALUES (395, 33, 'GRD', 'Grenada');
INSERT INTO `remittance`.`selected_field` (`selected_field_id`, `api_field_id`, `selected_field_code`, `selected_field_value`) VALUES (396, 33, 'GLP', 'Guadeloupe');
INSERT INTO `remittance`.`selected_field` (`selected_field_id`, `api_field_id`, `selected_field_code`, `selected_field_value`) VALUES (397, 33, 'GUM', 'Guam');
INSERT INTO `remittance`.`selected_field` (`selected_field_id`, `api_field_id`, `selected_field_code`, `selected_field_value`) VALUES (398, 33, 'GTM', 'Guatemala');
INSERT INTO `remittance`.`selected_field` (`selected_field_id`, `api_field_id`, `selected_field_code`, `selected_field_value`) VALUES (399, 33, 'GIN', 'Guinea');
INSERT INTO `remittance`.`selected_field` (`selected_field_id`, `api_field_id`, `selected_field_code`, `selected_field_value`) VALUES (400, 33, 'GUY', 'Guyana');
INSERT INTO `remittance`.`selected_field` (`selected_field_id`, `api_field_id`, `selected_field_code`, `selected_field_value`) VALUES (401, 33, 'HTI', 'Haiti');
INSERT INTO `remittance`.`selected_field` (`selected_field_id`, `api_field_id`, `selected_field_code`, `selected_field_value`) VALUES (402, 33, 'HMD', 'Heard Island and McDonald Islands');
INSERT INTO `remittance`.`selected_field` (`selected_field_id`, `api_field_id`, `selected_field_code`, `selected_field_value`) VALUES (403, 33, 'HND', 'Honduras');
INSERT INTO `remittance`.`selected_field` (`selected_field_id`, `api_field_id`, `selected_field_code`, `selected_field_value`) VALUES (404, 33, 'HKG', 'Hong Kong');
INSERT INTO `remittance`.`selected_field` (`selected_field_id`, `api_field_id`, `selected_field_code`, `selected_field_value`) VALUES (405, 33, 'HUN', 'Hungary');
INSERT INTO `remittance`.`selected_field` (`selected_field_id`, `api_field_id`, `selected_field_code`, `selected_field_value`) VALUES (406, 33, 'KIR', 'Kiribati');
INSERT INTO `remittance`.`selected_field` (`selected_field_id`, `api_field_id`, `selected_field_code`, `selected_field_value`) VALUES (407, 33, 'ISL', 'Iceland');
INSERT INTO `remittance`.`selected_field` (`selected_field_id`, `api_field_id`, `selected_field_code`, `selected_field_value`) VALUES (408, 33, 'IDN', 'Indonesia');
INSERT INTO `remittance`.`selected_field` (`selected_field_id`, `api_field_id`, `selected_field_code`, `selected_field_value`) VALUES (409, 33, 'IRN', 'Iran');
INSERT INTO `remittance`.`selected_field` (`selected_field_id`, `api_field_id`, `selected_field_code`, `selected_field_value`) VALUES (410, 33, 'IRQ', 'Iraq');
INSERT INTO `remittance`.`selected_field` (`selected_field_id`, `api_field_id`, `selected_field_code`, `selected_field_value`) VALUES (411, 33, 'IRL', 'Ireland');
INSERT INTO `remittance`.`selected_field` (`selected_field_id`, `api_field_id`, `selected_field_code`, `selected_field_value`) VALUES (412, 33, 'ISR', 'Israel');
INSERT INTO `remittance`.`selected_field` (`selected_field_id`, `api_field_id`, `selected_field_code`, `selected_field_value`) VALUES (413, 33, 'ITA', 'Italy');
INSERT INTO `remittance`.`selected_field` (`selected_field_id`, `api_field_id`, `selected_field_code`, `selected_field_value`) VALUES (414, 33, 'CIV', 'Côte d\'Ivoire');
INSERT INTO `remittance`.`selected_field` (`selected_field_id`, `api_field_id`, `selected_field_code`, `selected_field_value`) VALUES (415, 33, 'JAM', 'Jamaica');
INSERT INTO `remittance`.`selected_field` (`selected_field_id`, `api_field_id`, `selected_field_code`, `selected_field_value`) VALUES (416, 33, 'JPN', 'Japan');
INSERT INTO `remittance`.`selected_field` (`selected_field_id`, `api_field_id`, `selected_field_code`, `selected_field_value`) VALUES (417, 33, 'JOR', 'Jordan');
INSERT INTO `remittance`.`selected_field` (`selected_field_id`, `api_field_id`, `selected_field_code`, `selected_field_value`) VALUES (418, 33, 'KAZ', 'Kazakhstan');
INSERT INTO `remittance`.`selected_field` (`selected_field_id`, `api_field_id`, `selected_field_code`, `selected_field_value`) VALUES (419, 33, 'KEN', 'Kenya');
INSERT INTO `remittance`.`selected_field` (`selected_field_id`, `api_field_id`, `selected_field_code`, `selected_field_value`) VALUES (420, 33, 'KNA', 'Saint Kitts and Nevis');
INSERT INTO `remittance`.`selected_field` (`selected_field_id`, `api_field_id`, `selected_field_code`, `selected_field_value`) VALUES (421, 33, 'KWT', 'Kuwait');
INSERT INTO `remittance`.`selected_field` (`selected_field_id`, `api_field_id`, `selected_field_code`, `selected_field_value`) VALUES (422, 33, 'KGZ', 'Kyrgyzstan');
INSERT INTO `remittance`.`selected_field` (`selected_field_id`, `api_field_id`, `selected_field_code`, `selected_field_value`) VALUES (423, 33, 'LAO', 'Lao People\'s Democratic Republic');
INSERT INTO `remittance`.`selected_field` (`selected_field_id`, `api_field_id`, `selected_field_code`, `selected_field_value`) VALUES (424, 33, 'LVA', 'Latvia');
INSERT INTO `remittance`.`selected_field` (`selected_field_id`, `api_field_id`, `selected_field_code`, `selected_field_value`) VALUES (425, 33, 'LBN', 'Lebanon');
INSERT INTO `remittance`.`selected_field` (`selected_field_id`, `api_field_id`, `selected_field_code`, `selected_field_value`) VALUES (426, 33, 'LBR', 'Liberia');
INSERT INTO `remittance`.`selected_field` (`selected_field_id`, `api_field_id`, `selected_field_code`, `selected_field_value`) VALUES (427, 33, 'LBY', 'Libya');
INSERT INTO `remittance`.`selected_field` (`selected_field_id`, `api_field_id`, `selected_field_code`, `selected_field_value`) VALUES (428, 33, 'LIE', 'Liechtenstein');
INSERT INTO `remittance`.`selected_field` (`selected_field_id`, `api_field_id`, `selected_field_code`, `selected_field_value`) VALUES (429, 33, 'LTU', 'Lithuania');
INSERT INTO `remittance`.`selected_field` (`selected_field_id`, `api_field_id`, `selected_field_code`, `selected_field_value`) VALUES (430, 33, 'LUX', 'Luxembourg');
INSERT INTO `remittance`.`selected_field` (`selected_field_id`, `api_field_id`, `selected_field_code`, `selected_field_value`) VALUES (431, 33, 'MAC', 'Macao');
INSERT INTO `remittance`.`selected_field` (`selected_field_id`, `api_field_id`, `selected_field_code`, `selected_field_value`) VALUES (432, 33, 'MKD', 'Macedonia (the former Yugoslav Republic of)');
INSERT INTO `remittance`.`selected_field` (`selected_field_id`, `api_field_id`, `selected_field_code`, `selected_field_value`) VALUES (433, 33, 'MYT', 'Mayotte');
INSERT INTO `remittance`.`selected_field` (`selected_field_id`, `api_field_id`, `selected_field_code`, `selected_field_value`) VALUES (434, 33, 'MDG', 'Madagascar');
INSERT INTO `remittance`.`selected_field` (`selected_field_id`, `api_field_id`, `selected_field_code`, `selected_field_value`) VALUES (435, 33, 'MWI', 'Malawi');
INSERT INTO `remittance`.`selected_field` (`selected_field_id`, `api_field_id`, `selected_field_code`, `selected_field_value`) VALUES (436, 33, 'MDV', 'Maldives');
INSERT INTO `remittance`.`selected_field` (`selected_field_id`, `api_field_id`, `selected_field_code`, `selected_field_value`) VALUES (437, 33, 'MLI', 'Mali');
INSERT INTO `remittance`.`selected_field` (`selected_field_id`, `api_field_id`, `selected_field_code`, `selected_field_value`) VALUES (438, 33, 'MLT', 'Malta');
INSERT INTO `remittance`.`selected_field` (`selected_field_id`, `api_field_id`, `selected_field_code`, `selected_field_value`) VALUES (439, 33, 'IMN', 'Isle of Man');
INSERT INTO `remittance`.`selected_field` (`selected_field_id`, `api_field_id`, `selected_field_code`, `selected_field_value`) VALUES (440, 33, 'MHL', 'Marshall Islands');
INSERT INTO `remittance`.`selected_field` (`selected_field_id`, `api_field_id`, `selected_field_code`, `selected_field_value`) VALUES (441, 33, 'MTQ', 'Martinique');
INSERT INTO `remittance`.`selected_field` (`selected_field_id`, `api_field_id`, `selected_field_code`, `selected_field_value`) VALUES (442, 33, 'MRT', 'Mauritania');
INSERT INTO `remittance`.`selected_field` (`selected_field_id`, `api_field_id`, `selected_field_code`, `selected_field_value`) VALUES (443, 33, 'MUS', 'Mauritius');
INSERT INTO `remittance`.`selected_field` (`selected_field_id`, `api_field_id`, `selected_field_code`, `selected_field_value`) VALUES (444, 33, 'MEX', 'Mexico');
INSERT INTO `remittance`.`selected_field` (`selected_field_id`, `api_field_id`, `selected_field_code`, `selected_field_value`) VALUES (445, 33, 'FSM', 'Micronesia (Federated States of)');
INSERT INTO `remittance`.`selected_field` (`selected_field_id`, `api_field_id`, `selected_field_code`, `selected_field_value`) VALUES (446, 33, 'MDA', 'Moldova (Republic of)');
INSERT INTO `remittance`.`selected_field` (`selected_field_id`, `api_field_id`, `selected_field_code`, `selected_field_value`) VALUES (447, 33, 'MNG', 'Mongolia');
INSERT INTO `remittance`.`selected_field` (`selected_field_id`, `api_field_id`, `selected_field_code`, `selected_field_value`) VALUES (448, 33, 'MNE', 'Montenegro');
INSERT INTO `remittance`.`selected_field` (`selected_field_id`, `api_field_id`, `selected_field_code`, `selected_field_value`) VALUES (449, 33, 'MSR', 'Montserrat');
INSERT INTO `remittance`.`selected_field` (`selected_field_id`, `api_field_id`, `selected_field_code`, `selected_field_value`) VALUES (450, 33, 'MCO', 'Monaco');
INSERT INTO `remittance`.`selected_field` (`selected_field_id`, `api_field_id`, `selected_field_code`, `selected_field_value`) VALUES (451, 33, 'MAR', 'Morocco');
INSERT INTO `remittance`.`selected_field` (`selected_field_id`, `api_field_id`, `selected_field_code`, `selected_field_value`) VALUES (452, 33, 'BWA', 'Botswana');
INSERT INTO `remittance`.`selected_field` (`selected_field_id`, `api_field_id`, `selected_field_code`, `selected_field_value`) VALUES (453, 33, 'MOZ', 'Mozambique');
INSERT INTO `remittance`.`selected_field` (`selected_field_id`, `api_field_id`, `selected_field_code`, `selected_field_value`) VALUES (454, 33, 'NAM', 'Namibia');
INSERT INTO `remittance`.`selected_field` (`selected_field_id`, `api_field_id`, `selected_field_code`, `selected_field_value`) VALUES (455, 33, 'NRU', 'Nauru');
INSERT INTO `remittance`.`selected_field` (`selected_field_id`, `api_field_id`, `selected_field_code`, `selected_field_value`) VALUES (456, 33, 'NPL', 'Nepal');
INSERT INTO `remittance`.`selected_field` (`selected_field_id`, `api_field_id`, `selected_field_code`, `selected_field_value`) VALUES (457, 33, 'NCL', 'New Caledonia');
INSERT INTO `remittance`.`selected_field` (`selected_field_id`, `api_field_id`, `selected_field_code`, `selected_field_value`) VALUES (458, 33, 'NZL', 'New Zealand');
INSERT INTO `remittance`.`selected_field` (`selected_field_id`, `api_field_id`, `selected_field_code`, `selected_field_value`) VALUES (459, 33, 'VUT', 'Vanuatu');
INSERT INTO `remittance`.`selected_field` (`selected_field_id`, `api_field_id`, `selected_field_code`, `selected_field_value`) VALUES (460, 33, 'NIC', 'Nicaragua');
INSERT INTO `remittance`.`selected_field` (`selected_field_id`, `api_field_id`, `selected_field_code`, `selected_field_value`) VALUES (461, 33, 'NGA', 'Nigeria');
INSERT INTO `remittance`.`selected_field` (`selected_field_id`, `api_field_id`, `selected_field_code`, `selected_field_value`) VALUES (462, 33, 'NER', 'Niger');
INSERT INTO `remittance`.`selected_field` (`selected_field_id`, `api_field_id`, `selected_field_code`, `selected_field_value`) VALUES (463, 33, 'NIU', 'Niue');
INSERT INTO `remittance`.`selected_field` (`selected_field_id`, `api_field_id`, `selected_field_code`, `selected_field_value`) VALUES (464, 33, 'NFK', 'Norfolk Island');
INSERT INTO `remittance`.`selected_field` (`selected_field_id`, `api_field_id`, `selected_field_code`, `selected_field_value`) VALUES (465, 33, 'PRK', 'Korea (Democratic People\'s Republic of)');
INSERT INTO `remittance`.`selected_field` (`selected_field_id`, `api_field_id`, `selected_field_code`, `selected_field_value`) VALUES (466, 33, 'MNP', 'Northern Mariana Islands');
INSERT INTO `remittance`.`selected_field` (`selected_field_id`, `api_field_id`, `selected_field_code`, `selected_field_value`) VALUES (467, 33, 'NOR', 'Norway');
INSERT INTO `remittance`.`selected_field` (`selected_field_id`, `api_field_id`, `selected_field_code`, `selected_field_value`) VALUES (468, 33, 'OMN', 'Oman');
INSERT INTO `remittance`.`selected_field` (`selected_field_id`, `api_field_id`, `selected_field_code`, `selected_field_value`) VALUES (469, 33, 'PAK', 'Pakistan');
INSERT INTO `remittance`.`selected_field` (`selected_field_id`, `api_field_id`, `selected_field_code`, `selected_field_value`) VALUES (470, 33, 'PLW', 'Palau');
INSERT INTO `remittance`.`selected_field` (`selected_field_id`, `api_field_id`, `selected_field_code`, `selected_field_value`) VALUES (471, 33, 'PSE', 'Palestine State of');
INSERT INTO `remittance`.`selected_field` (`selected_field_id`, `api_field_id`, `selected_field_code`, `selected_field_value`) VALUES (472, 33, 'PAN', 'Panama');
INSERT INTO `remittance`.`selected_field` (`selected_field_id`, `api_field_id`, `selected_field_code`, `selected_field_value`) VALUES (473, 33, 'PNG', 'Papua New Guinea');
INSERT INTO `remittance`.`selected_field` (`selected_field_id`, `api_field_id`, `selected_field_code`, `selected_field_value`) VALUES (474, 33, 'PRY', 'Paraguay');
INSERT INTO `remittance`.`selected_field` (`selected_field_id`, `api_field_id`, `selected_field_code`, `selected_field_value`) VALUES (475, 33, 'PER', 'Peru');
INSERT INTO `remittance`.`selected_field` (`selected_field_id`, `api_field_id`, `selected_field_code`, `selected_field_value`) VALUES (476, 33, 'PHL', 'Philippines');
INSERT INTO `remittance`.`selected_field` (`selected_field_id`, `api_field_id`, `selected_field_code`, `selected_field_value`) VALUES (477, 33, 'PCN', 'Pitcairn');
INSERT INTO `remittance`.`selected_field` (`selected_field_id`, `api_field_id`, `selected_field_code`, `selected_field_value`) VALUES (478, 33, 'POL', 'Poland');
INSERT INTO `remittance`.`selected_field` (`selected_field_id`, `api_field_id`, `selected_field_code`, `selected_field_value`) VALUES (479, 33, 'PRT', 'Portugal');
INSERT INTO `remittance`.`selected_field` (`selected_field_id`, `api_field_id`, `selected_field_code`, `selected_field_value`) VALUES (480, 33, 'PRI', 'Puerto Rico');
INSERT INTO `remittance`.`selected_field` (`selected_field_id`, `api_field_id`, `selected_field_code`, `selected_field_value`) VALUES (481, 33, 'QAT', 'Qatar');
INSERT INTO `remittance`.`selected_field` (`selected_field_id`, `api_field_id`, `selected_field_code`, `selected_field_value`) VALUES (482, 33, 'ROU', 'Romania');
INSERT INTO `remittance`.`selected_field` (`selected_field_id`, `api_field_id`, `selected_field_code`, `selected_field_value`) VALUES (483, 33, 'RUS', 'Russian Federation');
INSERT INTO `remittance`.`selected_field` (`selected_field_id`, `api_field_id`, `selected_field_code`, `selected_field_value`) VALUES (484, 33, 'RWA', 'Rwanda');
INSERT INTO `remittance`.`selected_field` (`selected_field_id`, `api_field_id`, `selected_field_code`, `selected_field_value`) VALUES (485, 33, 'REU', 'Réunion');
INSERT INTO `remittance`.`selected_field` (`selected_field_id`, `api_field_id`, `selected_field_code`, `selected_field_value`) VALUES (486, 33, 'ESH', 'Western Sahara');
INSERT INTO `remittance`.`selected_field` (`selected_field_id`, `api_field_id`, `selected_field_code`, `selected_field_value`) VALUES (487, 33, 'SHN', 'Saint Helena Ascension and Tristan da Cunha');
INSERT INTO `remittance`.`selected_field` (`selected_field_id`, `api_field_id`, `selected_field_code`, `selected_field_value`) VALUES (488, 33, 'LCA', 'Saint Lucia');
INSERT INTO `remittance`.`selected_field` (`selected_field_id`, `api_field_id`, `selected_field_code`, `selected_field_value`) VALUES (489, 33, 'VCT', 'Saint Vincent and the Grenadines');
INSERT INTO `remittance`.`selected_field` (`selected_field_id`, `api_field_id`, `selected_field_code`, `selected_field_value`) VALUES (490, 33, 'MAF', 'Saint Martin (French part)');
INSERT INTO `remittance`.`selected_field` (`selected_field_id`, `api_field_id`, `selected_field_code`, `selected_field_value`) VALUES (491, 33, 'SPM', 'Saint Pierre and Miquelon');
INSERT INTO `remittance`.`selected_field` (`selected_field_id`, `api_field_id`, `selected_field_code`, `selected_field_value`) VALUES (492, 33, 'SLV', 'El Salvador');
INSERT INTO `remittance`.`selected_field` (`selected_field_id`, `api_field_id`, `selected_field_code`, `selected_field_value`) VALUES (493, 33, 'SMR', 'San Marino');
INSERT INTO `remittance`.`selected_field` (`selected_field_id`, `api_field_id`, `selected_field_code`, `selected_field_value`) VALUES (494, 33, 'WSM', 'Samoa');
INSERT INTO `remittance`.`selected_field` (`selected_field_id`, `api_field_id`, `selected_field_code`, `selected_field_value`) VALUES (495, 33, 'SAU', 'Saudi Arabia');
INSERT INTO `remittance`.`selected_field` (`selected_field_id`, `api_field_id`, `selected_field_code`, `selected_field_value`) VALUES (496, 33, 'SEN', 'Senegal');
INSERT INTO `remittance`.`selected_field` (`selected_field_id`, `api_field_id`, `selected_field_code`, `selected_field_value`) VALUES (497, 33, 'SRB', 'Serbia');
INSERT INTO `remittance`.`selected_field` (`selected_field_id`, `api_field_id`, `selected_field_code`, `selected_field_value`) VALUES (498, 33, 'SYC', 'Seychelles');
INSERT INTO `remittance`.`selected_field` (`selected_field_id`, `api_field_id`, `selected_field_code`, `selected_field_value`) VALUES (499, 33, 'SLE', 'Sierra Leone');
INSERT INTO `remittance`.`selected_field` (`selected_field_id`, `api_field_id`, `selected_field_code`, `selected_field_value`) VALUES (500, 33, 'SXM', 'Sint Maarten (Dutch part)');
INSERT INTO `remittance`.`selected_field` (`selected_field_id`, `api_field_id`, `selected_field_code`, `selected_field_value`) VALUES (501, 33, 'SVK', 'Slovakia');
INSERT INTO `remittance`.`selected_field` (`selected_field_id`, `api_field_id`, `selected_field_code`, `selected_field_value`) VALUES (502, 33, 'SVN', 'Slovenia');
INSERT INTO `remittance`.`selected_field` (`selected_field_id`, `api_field_id`, `selected_field_code`, `selected_field_value`) VALUES (503, 33, 'SLB', 'Solomon Islands');
INSERT INTO `remittance`.`selected_field` (`selected_field_id`, `api_field_id`, `selected_field_code`, `selected_field_value`) VALUES (504, 33, 'SOM', 'Somalia');
INSERT INTO `remittance`.`selected_field` (`selected_field_id`, `api_field_id`, `selected_field_code`, `selected_field_value`) VALUES (505, 33, 'ZAF', 'South Africa');
INSERT INTO `remittance`.`selected_field` (`selected_field_id`, `api_field_id`, `selected_field_code`, `selected_field_value`) VALUES (506, 33, 'SGS', 'South Georgia and the South Sandwich Islands');
INSERT INTO `remittance`.`selected_field` (`selected_field_id`, `api_field_id`, `selected_field_code`, `selected_field_value`) VALUES (507, 33, 'KOR', 'Korea (Republic of)');
INSERT INTO `remittance`.`selected_field` (`selected_field_id`, `api_field_id`, `selected_field_code`, `selected_field_value`) VALUES (508, 33, 'SSD', 'South Sudan');
INSERT INTO `remittance`.`selected_field` (`selected_field_id`, `api_field_id`, `selected_field_code`, `selected_field_value`) VALUES (509, 33, 'ESP', 'Spain');
INSERT INTO `remittance`.`selected_field` (`selected_field_id`, `api_field_id`, `selected_field_code`, `selected_field_value`) VALUES (510, 33, 'LKA', 'Sri Lanka');
INSERT INTO `remittance`.`selected_field` (`selected_field_id`, `api_field_id`, `selected_field_code`, `selected_field_value`) VALUES (511, 33, 'SDN', 'Sudan');
INSERT INTO `remittance`.`selected_field` (`selected_field_id`, `api_field_id`, `selected_field_code`, `selected_field_value`) VALUES (512, 33, 'SUR', 'Suriname');
INSERT INTO `remittance`.`selected_field` (`selected_field_id`, `api_field_id`, `selected_field_code`, `selected_field_value`) VALUES (513, 33, 'SJM', 'Svalbard and Jan Mayen');
INSERT INTO `remittance`.`selected_field` (`selected_field_id`, `api_field_id`, `selected_field_code`, `selected_field_value`) VALUES (514, 33, 'SWZ', 'Swaziland');
INSERT INTO `remittance`.`selected_field` (`selected_field_id`, `api_field_id`, `selected_field_code`, `selected_field_value`) VALUES (515, 33, 'SWE', 'Sweden');
INSERT INTO `remittance`.`selected_field` (`selected_field_id`, `api_field_id`, `selected_field_code`, `selected_field_value`) VALUES (516, 33, 'CHE', 'Switzerland');
INSERT INTO `remittance`.`selected_field` (`selected_field_id`, `api_field_id`, `selected_field_code`, `selected_field_value`) VALUES (517, 33, 'SYR', 'Syrian Arab Republic');
INSERT INTO `remittance`.`selected_field` (`selected_field_id`, `api_field_id`, `selected_field_code`, `selected_field_value`) VALUES (518, 33, 'STP', 'Sao Tome and Principe');
INSERT INTO `remittance`.`selected_field` (`selected_field_id`, `api_field_id`, `selected_field_code`, `selected_field_value`) VALUES (519, 33, 'TJK', 'Tajikistan');
INSERT INTO `remittance`.`selected_field` (`selected_field_id`, `api_field_id`, `selected_field_code`, `selected_field_value`) VALUES (520, 33, 'TZA', 'Tanzania United Republic of');
INSERT INTO `remittance`.`selected_field` (`selected_field_id`, `api_field_id`, `selected_field_code`, `selected_field_value`) VALUES (521, 33, 'THA', 'Thailand');
INSERT INTO `remittance`.`selected_field` (`selected_field_id`, `api_field_id`, `selected_field_code`, `selected_field_value`) VALUES (522, 33, 'TLS', 'Timor-Leste');
INSERT INTO `remittance`.`selected_field` (`selected_field_id`, `api_field_id`, `selected_field_code`, `selected_field_value`) VALUES (523, 33, 'TGO', 'Togo');
INSERT INTO `remittance`.`selected_field` (`selected_field_id`, `api_field_id`, `selected_field_code`, `selected_field_value`) VALUES (524, 33, 'TKL', 'Tokelau');
INSERT INTO `remittance`.`selected_field` (`selected_field_id`, `api_field_id`, `selected_field_code`, `selected_field_value`) VALUES (525, 33, 'TON', 'Tonga');
INSERT INTO `remittance`.`selected_field` (`selected_field_id`, `api_field_id`, `selected_field_code`, `selected_field_value`) VALUES (526, 33, 'TTO', 'Trinidad and Tobago');
INSERT INTO `remittance`.`selected_field` (`selected_field_id`, `api_field_id`, `selected_field_code`, `selected_field_value`) VALUES (527, 33, 'TUN', 'Tunisia');
INSERT INTO `remittance`.`selected_field` (`selected_field_id`, `api_field_id`, `selected_field_code`, `selected_field_value`) VALUES (528, 33, 'TUR', 'Turkey');
INSERT INTO `remittance`.`selected_field` (`selected_field_id`, `api_field_id`, `selected_field_code`, `selected_field_value`) VALUES (529, 33, 'TKM', 'Turkmenistan');
INSERT INTO `remittance`.`selected_field` (`selected_field_id`, `api_field_id`, `selected_field_code`, `selected_field_value`) VALUES (530, 33, 'TCA', 'Turks and Caicos Islands');
INSERT INTO `remittance`.`selected_field` (`selected_field_id`, `api_field_id`, `selected_field_code`, `selected_field_value`) VALUES (531, 33, 'TUV', 'Tuvalu');
INSERT INTO `remittance`.`selected_field` (`selected_field_id`, `api_field_id`, `selected_field_code`, `selected_field_value`) VALUES (532, 33, 'VIR', 'Virgin Islands (U.S.)');
INSERT INTO `remittance`.`selected_field` (`selected_field_id`, `api_field_id`, `selected_field_code`, `selected_field_value`) VALUES (533, 33, 'UGA', 'Uganda');
INSERT INTO `remittance`.`selected_field` (`selected_field_id`, `api_field_id`, `selected_field_code`, `selected_field_value`) VALUES (534, 33, 'UKR', 'Ukraine');
INSERT INTO `remittance`.`selected_field` (`selected_field_id`, `api_field_id`, `selected_field_code`, `selected_field_value`) VALUES (535, 33, 'URY', 'Uruguay');
INSERT INTO `remittance`.`selected_field` (`selected_field_id`, `api_field_id`, `selected_field_code`, `selected_field_value`) VALUES (536, 33, 'UZB', 'Uzbekistan');
INSERT INTO `remittance`.`selected_field` (`selected_field_id`, `api_field_id`, `selected_field_code`, `selected_field_value`) VALUES (537, 33, 'VAT', 'Vatican City State');
INSERT INTO `remittance`.`selected_field` (`selected_field_id`, `api_field_id`, `selected_field_code`, `selected_field_value`) VALUES (538, 33, 'VEN', 'Venezuela (Bolivarian Republic of)');
INSERT INTO `remittance`.`selected_field` (`selected_field_id`, `api_field_id`, `selected_field_code`, `selected_field_value`) VALUES (539, 33, 'VNM', 'Vietnam');
INSERT INTO `remittance`.`selected_field` (`selected_field_id`, `api_field_id`, `selected_field_code`, `selected_field_value`) VALUES (540, 33, 'WLF', 'Wallis and Futuna');
INSERT INTO `remittance`.`selected_field` (`selected_field_id`, `api_field_id`, `selected_field_code`, `selected_field_value`) VALUES (541, 33, 'YEM', 'Yemen');
INSERT INTO `remittance`.`selected_field` (`selected_field_id`, `api_field_id`, `selected_field_code`, `selected_field_value`) VALUES (542, 33, 'ZMB', 'Zambia');
INSERT INTO `remittance`.`selected_field` (`selected_field_id`, `api_field_id`, `selected_field_code`, `selected_field_value`) VALUES (543, 33, 'ZWE', 'Zimbabwe');
INSERT INTO `remittance`.`selected_field` (`selected_field_id`, `api_field_id`, `selected_field_code`, `selected_field_value`) VALUES (544, 33, 'ALA', 'Åland Islands');
INSERT INTO `remittance`.`selected_field` (`selected_field_id`, `api_field_id`, `selected_field_code`, `selected_field_value`) VALUES (545, 38, 'SGP', 'Singapore');
INSERT INTO `remittance`.`selected_field` (`selected_field_id`, `api_field_id`, `selected_field_code`, `selected_field_value`) VALUES (546, 38, 'MYS', 'Malaysia');
INSERT INTO `remittance`.`selected_field` (`selected_field_id`, `api_field_id`, `selected_field_code`, `selected_field_value`) VALUES (547, 38, 'CHN', 'China');
INSERT INTO `remittance`.`selected_field` (`selected_field_id`, `api_field_id`, `selected_field_code`, `selected_field_value`) VALUES (548, 38, 'IND', 'India');
INSERT INTO `remittance`.`selected_field` (`selected_field_id`, `api_field_id`, `selected_field_code`, `selected_field_value`) VALUES (549, 38, 'AFG', 'Afghanistan');
INSERT INTO `remittance`.`selected_field` (`selected_field_id`, `api_field_id`, `selected_field_code`, `selected_field_value`) VALUES (550, 38, 'ALB', 'Albania');
INSERT INTO `remittance`.`selected_field` (`selected_field_id`, `api_field_id`, `selected_field_code`, `selected_field_value`) VALUES (551, 38, 'DZA', 'Algeria');
INSERT INTO `remittance`.`selected_field` (`selected_field_id`, `api_field_id`, `selected_field_code`, `selected_field_value`) VALUES (552, 38, 'USA', 'United States of America');
INSERT INTO `remittance`.`selected_field` (`selected_field_id`, `api_field_id`, `selected_field_code`, `selected_field_value`) VALUES (553, 38, 'ASM', 'American Samoa');
INSERT INTO `remittance`.`selected_field` (`selected_field_id`, `api_field_id`, `selected_field_code`, `selected_field_value`) VALUES (554, 38, 'AND', 'Andorra');
INSERT INTO `remittance`.`selected_field` (`selected_field_id`, `api_field_id`, `selected_field_code`, `selected_field_value`) VALUES (555, 38, 'AGO', 'Angola');
INSERT INTO `remittance`.`selected_field` (`selected_field_id`, `api_field_id`, `selected_field_code`, `selected_field_value`) VALUES (556, 38, 'AIA', 'Anguilla');
INSERT INTO `remittance`.`selected_field` (`selected_field_id`, `api_field_id`, `selected_field_code`, `selected_field_value`) VALUES (557, 38, 'ATA', 'Antarctica');
INSERT INTO `remittance`.`selected_field` (`selected_field_id`, `api_field_id`, `selected_field_code`, `selected_field_value`) VALUES (558, 38, 'ATG', 'Antigua and Barbuda');
INSERT INTO `remittance`.`selected_field` (`selected_field_id`, `api_field_id`, `selected_field_code`, `selected_field_value`) VALUES (559, 38, 'ARG', 'Argentina');
INSERT INTO `remittance`.`selected_field` (`selected_field_id`, `api_field_id`, `selected_field_code`, `selected_field_value`) VALUES (560, 38, 'ARM', 'Armenia');
INSERT INTO `remittance`.`selected_field` (`selected_field_id`, `api_field_id`, `selected_field_code`, `selected_field_value`) VALUES (561, 38, 'ABW', 'Aruba');
INSERT INTO `remittance`.`selected_field` (`selected_field_id`, `api_field_id`, `selected_field_code`, `selected_field_value`) VALUES (562, 38, 'AUS', 'Australia');
INSERT INTO `remittance`.`selected_field` (`selected_field_id`, `api_field_id`, `selected_field_code`, `selected_field_value`) VALUES (563, 38, 'AUT', 'Austria');
INSERT INTO `remittance`.`selected_field` (`selected_field_id`, `api_field_id`, `selected_field_code`, `selected_field_value`) VALUES (564, 38, 'AZE', 'Azerbaijan');
INSERT INTO `remittance`.`selected_field` (`selected_field_id`, `api_field_id`, `selected_field_code`, `selected_field_value`) VALUES (565, 38, 'IOT', 'British Indian Ocean Territory');
INSERT INTO `remittance`.`selected_field` (`selected_field_id`, `api_field_id`, `selected_field_code`, `selected_field_value`) VALUES (566, 38, 'BHS', 'Bahamas');
INSERT INTO `remittance`.`selected_field` (`selected_field_id`, `api_field_id`, `selected_field_code`, `selected_field_value`) VALUES (567, 38, 'BHR', 'Bahrain');
INSERT INTO `remittance`.`selected_field` (`selected_field_id`, `api_field_id`, `selected_field_code`, `selected_field_value`) VALUES (568, 38, 'BGD', 'Bangladesh');
INSERT INTO `remittance`.`selected_field` (`selected_field_id`, `api_field_id`, `selected_field_code`, `selected_field_value`) VALUES (569, 38, 'BRB', 'Barbados');
INSERT INTO `remittance`.`selected_field` (`selected_field_id`, `api_field_id`, `selected_field_code`, `selected_field_value`) VALUES (570, 38, 'BLM', 'Saint Barthélemy');
INSERT INTO `remittance`.`selected_field` (`selected_field_id`, `api_field_id`, `selected_field_code`, `selected_field_value`) VALUES (571, 38, 'LSO', 'Lesotho');
INSERT INTO `remittance`.`selected_field` (`selected_field_id`, `api_field_id`, `selected_field_code`, `selected_field_value`) VALUES (572, 38, 'BLR', 'Belarus');
INSERT INTO `remittance`.`selected_field` (`selected_field_id`, `api_field_id`, `selected_field_code`, `selected_field_value`) VALUES (573, 38, 'BEL', 'Belgium');
INSERT INTO `remittance`.`selected_field` (`selected_field_id`, `api_field_id`, `selected_field_code`, `selected_field_value`) VALUES (574, 38, 'BLZ', 'Belize');
INSERT INTO `remittance`.`selected_field` (`selected_field_id`, `api_field_id`, `selected_field_code`, `selected_field_value`) VALUES (575, 38, 'BEN', 'Benin');
INSERT INTO `remittance`.`selected_field` (`selected_field_id`, `api_field_id`, `selected_field_code`, `selected_field_value`) VALUES (576, 38, 'BMU', 'Bermuda');
INSERT INTO `remittance`.`selected_field` (`selected_field_id`, `api_field_id`, `selected_field_code`, `selected_field_value`) VALUES (577, 38, 'BTN', 'Bhutan');
INSERT INTO `remittance`.`selected_field` (`selected_field_id`, `api_field_id`, `selected_field_code`, `selected_field_value`) VALUES (578, 38, 'GNB', 'Guinea-Bissau');
INSERT INTO `remittance`.`selected_field` (`selected_field_id`, `api_field_id`, `selected_field_code`, `selected_field_value`) VALUES (579, 38, 'BOL', 'Bolivia (Plurinational State of)');
INSERT INTO `remittance`.`selected_field` (`selected_field_id`, `api_field_id`, `selected_field_code`, `selected_field_value`) VALUES (580, 38, 'BES', 'Bonaire Sint Eustatius and Saba');
INSERT INTO `remittance`.`selected_field` (`selected_field_id`, `api_field_id`, `selected_field_code`, `selected_field_value`) VALUES (581, 38, 'BIH', 'Bosnia and Herzegovina');
INSERT INTO `remittance`.`selected_field` (`selected_field_id`, `api_field_id`, `selected_field_code`, `selected_field_value`) VALUES (582, 38, 'BVT', 'Bouvet Island');
INSERT INTO `remittance`.`selected_field` (`selected_field_id`, `api_field_id`, `selected_field_code`, `selected_field_value`) VALUES (583, 38, 'BRA', 'Brazil');
INSERT INTO `remittance`.`selected_field` (`selected_field_id`, `api_field_id`, `selected_field_code`, `selected_field_value`) VALUES (584, 38, 'VGB', 'Virgin Islands (British)');
INSERT INTO `remittance`.`selected_field` (`selected_field_id`, `api_field_id`, `selected_field_code`, `selected_field_value`) VALUES (585, 38, 'GBR', 'United Kingdom of Great Britain and Northern Ireland');
INSERT INTO `remittance`.`selected_field` (`selected_field_id`, `api_field_id`, `selected_field_code`, `selected_field_value`) VALUES (586, 38, 'BRN', 'Brunei Darussalam');
INSERT INTO `remittance`.`selected_field` (`selected_field_id`, `api_field_id`, `selected_field_code`, `selected_field_value`) VALUES (587, 38, 'BGR', 'Bulgaria');
INSERT INTO `remittance`.`selected_field` (`selected_field_id`, `api_field_id`, `selected_field_code`, `selected_field_value`) VALUES (588, 38, 'BFA', 'Burkina Faso');
INSERT INTO `remittance`.`selected_field` (`selected_field_id`, `api_field_id`, `selected_field_code`, `selected_field_value`) VALUES (589, 38, 'MMR', 'Myanmar');
INSERT INTO `remittance`.`selected_field` (`selected_field_id`, `api_field_id`, `selected_field_code`, `selected_field_value`) VALUES (590, 38, 'BDI', 'Burundi');
INSERT INTO `remittance`.`selected_field` (`selected_field_id`, `api_field_id`, `selected_field_code`, `selected_field_value`) VALUES (591, 38, 'CPV', 'Cabo Verde');
INSERT INTO `remittance`.`selected_field` (`selected_field_id`, `api_field_id`, `selected_field_code`, `selected_field_value`) VALUES (592, 38, 'KHM', 'Cambodia');
INSERT INTO `remittance`.`selected_field` (`selected_field_id`, `api_field_id`, `selected_field_code`, `selected_field_value`) VALUES (593, 38, 'CMR', 'Cameroon');
INSERT INTO `remittance`.`selected_field` (`selected_field_id`, `api_field_id`, `selected_field_code`, `selected_field_value`) VALUES (594, 38, 'CAN', 'Canada');
INSERT INTO `remittance`.`selected_field` (`selected_field_id`, `api_field_id`, `selected_field_code`, `selected_field_value`) VALUES (595, 38, 'CYM', 'Cayman Islands');
INSERT INTO `remittance`.`selected_field` (`selected_field_id`, `api_field_id`, `selected_field_code`, `selected_field_value`) VALUES (596, 38, 'CAF', 'Central African Republic');
INSERT INTO `remittance`.`selected_field` (`selected_field_id`, `api_field_id`, `selected_field_code`, `selected_field_value`) VALUES (597, 38, 'TCD', 'Chad');
INSERT INTO `remittance`.`selected_field` (`selected_field_id`, `api_field_id`, `selected_field_code`, `selected_field_value`) VALUES (598, 38, 'JEY', 'Jersey');
INSERT INTO `remittance`.`selected_field` (`selected_field_id`, `api_field_id`, `selected_field_code`, `selected_field_value`) VALUES (599, 38, 'GGY', 'Guernsey');
INSERT INTO `remittance`.`selected_field` (`selected_field_id`, `api_field_id`, `selected_field_code`, `selected_field_value`) VALUES (600, 38, 'CHL', 'Chile');
INSERT INTO `remittance`.`selected_field` (`selected_field_id`, `api_field_id`, `selected_field_code`, `selected_field_value`) VALUES (601, 38, 'TWN', 'Taiwan Province of China');
INSERT INTO `remittance`.`selected_field` (`selected_field_id`, `api_field_id`, `selected_field_code`, `selected_field_value`) VALUES (602, 38, 'CXR', 'Christmas Island');
INSERT INTO `remittance`.`selected_field` (`selected_field_id`, `api_field_id`, `selected_field_code`, `selected_field_value`) VALUES (603, 38, 'CCK', 'Cocos (Keeling) Islands');
INSERT INTO `remittance`.`selected_field` (`selected_field_id`, `api_field_id`, `selected_field_code`, `selected_field_value`) VALUES (604, 38, 'COL', 'Colombia');
INSERT INTO `remittance`.`selected_field` (`selected_field_id`, `api_field_id`, `selected_field_code`, `selected_field_value`) VALUES (605, 38, 'COM', 'Comoros');
INSERT INTO `remittance`.`selected_field` (`selected_field_id`, `api_field_id`, `selected_field_code`, `selected_field_value`) VALUES (606, 38, 'COG', 'Congo (Republic of the)');
INSERT INTO `remittance`.`selected_field` (`selected_field_id`, `api_field_id`, `selected_field_code`, `selected_field_value`) VALUES (607, 38, 'COD', 'Congo (Democratic Republic of the)');
INSERT INTO `remittance`.`selected_field` (`selected_field_id`, `api_field_id`, `selected_field_code`, `selected_field_value`) VALUES (608, 38, 'COK', 'Cook Islands');
INSERT INTO `remittance`.`selected_field` (`selected_field_id`, `api_field_id`, `selected_field_code`, `selected_field_value`) VALUES (609, 38, 'CRI', 'Costa Rica');
INSERT INTO `remittance`.`selected_field` (`selected_field_id`, `api_field_id`, `selected_field_code`, `selected_field_value`) VALUES (610, 38, 'HRV', 'Croatia');
INSERT INTO `remittance`.`selected_field` (`selected_field_id`, `api_field_id`, `selected_field_code`, `selected_field_value`) VALUES (611, 38, 'CUB', 'Cuba');
INSERT INTO `remittance`.`selected_field` (`selected_field_id`, `api_field_id`, `selected_field_code`, `selected_field_value`) VALUES (612, 38, 'CUW', 'Curaçao');
INSERT INTO `remittance`.`selected_field` (`selected_field_id`, `api_field_id`, `selected_field_code`, `selected_field_value`) VALUES (613, 38, 'CYP', 'Cyprus');
INSERT INTO `remittance`.`selected_field` (`selected_field_id`, `api_field_id`, `selected_field_code`, `selected_field_value`) VALUES (614, 38, 'CZE', 'Czech Republic');
INSERT INTO `remittance`.`selected_field` (`selected_field_id`, `api_field_id`, `selected_field_code`, `selected_field_value`) VALUES (615, 38, 'DNK', 'Denmark');
INSERT INTO `remittance`.`selected_field` (`selected_field_id`, `api_field_id`, `selected_field_code`, `selected_field_value`) VALUES (616, 38, 'DJI', 'Djibouti');
INSERT INTO `remittance`.`selected_field` (`selected_field_id`, `api_field_id`, `selected_field_code`, `selected_field_value`) VALUES (617, 38, 'DMA', 'Dominica');
INSERT INTO `remittance`.`selected_field` (`selected_field_id`, `api_field_id`, `selected_field_code`, `selected_field_value`) VALUES (618, 38, 'DOM', 'Dominican Republic');
INSERT INTO `remittance`.`selected_field` (`selected_field_id`, `api_field_id`, `selected_field_code`, `selected_field_value`) VALUES (619, 38, 'NLD', 'Netherlands');
INSERT INTO `remittance`.`selected_field` (`selected_field_id`, `api_field_id`, `selected_field_code`, `selected_field_value`) VALUES (620, 38, 'ECU', 'Ecuador');
INSERT INTO `remittance`.`selected_field` (`selected_field_id`, `api_field_id`, `selected_field_code`, `selected_field_value`) VALUES (621, 38, 'EGY', 'Egypt');
INSERT INTO `remittance`.`selected_field` (`selected_field_id`, `api_field_id`, `selected_field_code`, `selected_field_value`) VALUES (622, 38, 'ARE', 'United Arab Emirates');
INSERT INTO `remittance`.`selected_field` (`selected_field_id`, `api_field_id`, `selected_field_code`, `selected_field_value`) VALUES (623, 38, 'GNQ', 'Equatorial Guinea');
INSERT INTO `remittance`.`selected_field` (`selected_field_id`, `api_field_id`, `selected_field_code`, `selected_field_value`) VALUES (624, 38, 'ERI', 'Eritrea');
INSERT INTO `remittance`.`selected_field` (`selected_field_id`, `api_field_id`, `selected_field_code`, `selected_field_value`) VALUES (625, 38, 'EST', 'Estonia');
INSERT INTO `remittance`.`selected_field` (`selected_field_id`, `api_field_id`, `selected_field_code`, `selected_field_value`) VALUES (626, 38, 'ETH', 'Ethiopia');
INSERT INTO `remittance`.`selected_field` (`selected_field_id`, `api_field_id`, `selected_field_code`, `selected_field_value`) VALUES (627, 38, 'FLK', 'Falkland Islands (Malvinas)');
INSERT INTO `remittance`.`selected_field` (`selected_field_id`, `api_field_id`, `selected_field_code`, `selected_field_value`) VALUES (628, 38, 'FRO', 'Faroe Islands');
INSERT INTO `remittance`.`selected_field` (`selected_field_id`, `api_field_id`, `selected_field_code`, `selected_field_value`) VALUES (629, 38, 'FJI', 'Fiji');
INSERT INTO `remittance`.`selected_field` (`selected_field_id`, `api_field_id`, `selected_field_code`, `selected_field_value`) VALUES (630, 38, 'FIN', 'Finland');
INSERT INTO `remittance`.`selected_field` (`selected_field_id`, `api_field_id`, `selected_field_code`, `selected_field_value`) VALUES (631, 38, 'FRA', 'France');
INSERT INTO `remittance`.`selected_field` (`selected_field_id`, `api_field_id`, `selected_field_code`, `selected_field_value`) VALUES (632, 38, 'GUF', 'French Guiana');
INSERT INTO `remittance`.`selected_field` (`selected_field_id`, `api_field_id`, `selected_field_code`, `selected_field_value`) VALUES (633, 38, 'PYF', 'French Polynesia');
INSERT INTO `remittance`.`selected_field` (`selected_field_id`, `api_field_id`, `selected_field_code`, `selected_field_value`) VALUES (634, 38, 'ATF', 'French Southern Territories');
INSERT INTO `remittance`.`selected_field` (`selected_field_id`, `api_field_id`, `selected_field_code`, `selected_field_value`) VALUES (635, 38, 'GAB', 'Gabon');
INSERT INTO `remittance`.`selected_field` (`selected_field_id`, `api_field_id`, `selected_field_code`, `selected_field_value`) VALUES (636, 38, 'GMB', 'Gambia');
INSERT INTO `remittance`.`selected_field` (`selected_field_id`, `api_field_id`, `selected_field_code`, `selected_field_value`) VALUES (637, 38, 'GEO', 'Georgia');
INSERT INTO `remittance`.`selected_field` (`selected_field_id`, `api_field_id`, `selected_field_code`, `selected_field_value`) VALUES (638, 38, 'DEU', 'Germany');
INSERT INTO `remittance`.`selected_field` (`selected_field_id`, `api_field_id`, `selected_field_code`, `selected_field_value`) VALUES (639, 38, 'GHA', 'Ghana');
INSERT INTO `remittance`.`selected_field` (`selected_field_id`, `api_field_id`, `selected_field_code`, `selected_field_value`) VALUES (640, 38, 'GIB', 'Gibraltar');
INSERT INTO `remittance`.`selected_field` (`selected_field_id`, `api_field_id`, `selected_field_code`, `selected_field_value`) VALUES (641, 38, 'GRC', 'Greece');
INSERT INTO `remittance`.`selected_field` (`selected_field_id`, `api_field_id`, `selected_field_code`, `selected_field_value`) VALUES (642, 38, 'GRL', 'Greenland');
INSERT INTO `remittance`.`selected_field` (`selected_field_id`, `api_field_id`, `selected_field_code`, `selected_field_value`) VALUES (643, 38, 'GRD', 'Grenada');
INSERT INTO `remittance`.`selected_field` (`selected_field_id`, `api_field_id`, `selected_field_code`, `selected_field_value`) VALUES (644, 38, 'GLP', 'Guadeloupe');
INSERT INTO `remittance`.`selected_field` (`selected_field_id`, `api_field_id`, `selected_field_code`, `selected_field_value`) VALUES (645, 38, 'GUM', 'Guam');
INSERT INTO `remittance`.`selected_field` (`selected_field_id`, `api_field_id`, `selected_field_code`, `selected_field_value`) VALUES (646, 38, 'GTM', 'Guatemala');
INSERT INTO `remittance`.`selected_field` (`selected_field_id`, `api_field_id`, `selected_field_code`, `selected_field_value`) VALUES (647, 38, 'GIN', 'Guinea');
INSERT INTO `remittance`.`selected_field` (`selected_field_id`, `api_field_id`, `selected_field_code`, `selected_field_value`) VALUES (648, 38, 'GUY', 'Guyana');
INSERT INTO `remittance`.`selected_field` (`selected_field_id`, `api_field_id`, `selected_field_code`, `selected_field_value`) VALUES (649, 38, 'HTI', 'Haiti');
INSERT INTO `remittance`.`selected_field` (`selected_field_id`, `api_field_id`, `selected_field_code`, `selected_field_value`) VALUES (650, 38, 'HMD', 'Heard Island and McDonald Islands');
INSERT INTO `remittance`.`selected_field` (`selected_field_id`, `api_field_id`, `selected_field_code`, `selected_field_value`) VALUES (651, 38, 'HND', 'Honduras');
INSERT INTO `remittance`.`selected_field` (`selected_field_id`, `api_field_id`, `selected_field_code`, `selected_field_value`) VALUES (652, 38, 'HKG', 'Hong Kong');
INSERT INTO `remittance`.`selected_field` (`selected_field_id`, `api_field_id`, `selected_field_code`, `selected_field_value`) VALUES (653, 38, 'HUN', 'Hungary');
INSERT INTO `remittance`.`selected_field` (`selected_field_id`, `api_field_id`, `selected_field_code`, `selected_field_value`) VALUES (654, 38, 'KIR', 'Kiribati');
INSERT INTO `remittance`.`selected_field` (`selected_field_id`, `api_field_id`, `selected_field_code`, `selected_field_value`) VALUES (655, 38, 'ISL', 'Iceland');
INSERT INTO `remittance`.`selected_field` (`selected_field_id`, `api_field_id`, `selected_field_code`, `selected_field_value`) VALUES (656, 38, 'IDN', 'Indonesia');
INSERT INTO `remittance`.`selected_field` (`selected_field_id`, `api_field_id`, `selected_field_code`, `selected_field_value`) VALUES (657, 38, 'IRN', 'Iran');
INSERT INTO `remittance`.`selected_field` (`selected_field_id`, `api_field_id`, `selected_field_code`, `selected_field_value`) VALUES (658, 38, 'IRQ', 'Iraq');
INSERT INTO `remittance`.`selected_field` (`selected_field_id`, `api_field_id`, `selected_field_code`, `selected_field_value`) VALUES (659, 38, 'IRL', 'Ireland');
INSERT INTO `remittance`.`selected_field` (`selected_field_id`, `api_field_id`, `selected_field_code`, `selected_field_value`) VALUES (660, 38, 'ISR', 'Israel');
INSERT INTO `remittance`.`selected_field` (`selected_field_id`, `api_field_id`, `selected_field_code`, `selected_field_value`) VALUES (661, 38, 'ITA', 'Italy');
INSERT INTO `remittance`.`selected_field` (`selected_field_id`, `api_field_id`, `selected_field_code`, `selected_field_value`) VALUES (662, 38, 'CIV', 'Côte d\'Ivoire');
INSERT INTO `remittance`.`selected_field` (`selected_field_id`, `api_field_id`, `selected_field_code`, `selected_field_value`) VALUES (663, 38, 'JAM', 'Jamaica');
INSERT INTO `remittance`.`selected_field` (`selected_field_id`, `api_field_id`, `selected_field_code`, `selected_field_value`) VALUES (664, 38, 'JPN', 'Japan');
INSERT INTO `remittance`.`selected_field` (`selected_field_id`, `api_field_id`, `selected_field_code`, `selected_field_value`) VALUES (665, 38, 'JOR', 'Jordan');
INSERT INTO `remittance`.`selected_field` (`selected_field_id`, `api_field_id`, `selected_field_code`, `selected_field_value`) VALUES (666, 38, 'KAZ', 'Kazakhstan');
INSERT INTO `remittance`.`selected_field` (`selected_field_id`, `api_field_id`, `selected_field_code`, `selected_field_value`) VALUES (667, 38, 'KEN', 'Kenya');
INSERT INTO `remittance`.`selected_field` (`selected_field_id`, `api_field_id`, `selected_field_code`, `selected_field_value`) VALUES (668, 38, 'KNA', 'Saint Kitts and Nevis');
INSERT INTO `remittance`.`selected_field` (`selected_field_id`, `api_field_id`, `selected_field_code`, `selected_field_value`) VALUES (669, 38, 'KWT', 'Kuwait');
INSERT INTO `remittance`.`selected_field` (`selected_field_id`, `api_field_id`, `selected_field_code`, `selected_field_value`) VALUES (670, 38, 'KGZ', 'Kyrgyzstan');
INSERT INTO `remittance`.`selected_field` (`selected_field_id`, `api_field_id`, `selected_field_code`, `selected_field_value`) VALUES (671, 38, 'LAO', 'Lao People\'s Democratic Republic');
INSERT INTO `remittance`.`selected_field` (`selected_field_id`, `api_field_id`, `selected_field_code`, `selected_field_value`) VALUES (672, 38, 'LVA', 'Latvia');
INSERT INTO `remittance`.`selected_field` (`selected_field_id`, `api_field_id`, `selected_field_code`, `selected_field_value`) VALUES (673, 38, 'LBN', 'Lebanon');
INSERT INTO `remittance`.`selected_field` (`selected_field_id`, `api_field_id`, `selected_field_code`, `selected_field_value`) VALUES (674, 38, 'LBR', 'Liberia');
INSERT INTO `remittance`.`selected_field` (`selected_field_id`, `api_field_id`, `selected_field_code`, `selected_field_value`) VALUES (675, 38, 'LBY', 'Libya');
INSERT INTO `remittance`.`selected_field` (`selected_field_id`, `api_field_id`, `selected_field_code`, `selected_field_value`) VALUES (676, 38, 'LIE', 'Liechtenstein');
INSERT INTO `remittance`.`selected_field` (`selected_field_id`, `api_field_id`, `selected_field_code`, `selected_field_value`) VALUES (677, 38, 'LTU', 'Lithuania');
INSERT INTO `remittance`.`selected_field` (`selected_field_id`, `api_field_id`, `selected_field_code`, `selected_field_value`) VALUES (678, 38, 'LUX', 'Luxembourg');
INSERT INTO `remittance`.`selected_field` (`selected_field_id`, `api_field_id`, `selected_field_code`, `selected_field_value`) VALUES (679, 38, 'MAC', 'Macao');
INSERT INTO `remittance`.`selected_field` (`selected_field_id`, `api_field_id`, `selected_field_code`, `selected_field_value`) VALUES (680, 38, 'MKD', 'Macedonia (the former Yugoslav Republic of)');
INSERT INTO `remittance`.`selected_field` (`selected_field_id`, `api_field_id`, `selected_field_code`, `selected_field_value`) VALUES (681, 38, 'MYT', 'Mayotte');
INSERT INTO `remittance`.`selected_field` (`selected_field_id`, `api_field_id`, `selected_field_code`, `selected_field_value`) VALUES (682, 38, 'MDG', 'Madagascar');
INSERT INTO `remittance`.`selected_field` (`selected_field_id`, `api_field_id`, `selected_field_code`, `selected_field_value`) VALUES (683, 38, 'MWI', 'Malawi');
INSERT INTO `remittance`.`selected_field` (`selected_field_id`, `api_field_id`, `selected_field_code`, `selected_field_value`) VALUES (684, 38, 'MDV', 'Maldives');
INSERT INTO `remittance`.`selected_field` (`selected_field_id`, `api_field_id`, `selected_field_code`, `selected_field_value`) VALUES (685, 38, 'MLI', 'Mali');
INSERT INTO `remittance`.`selected_field` (`selected_field_id`, `api_field_id`, `selected_field_code`, `selected_field_value`) VALUES (686, 38, 'MLT', 'Malta');
INSERT INTO `remittance`.`selected_field` (`selected_field_id`, `api_field_id`, `selected_field_code`, `selected_field_value`) VALUES (687, 38, 'IMN', 'Isle of Man');
INSERT INTO `remittance`.`selected_field` (`selected_field_id`, `api_field_id`, `selected_field_code`, `selected_field_value`) VALUES (688, 38, 'MHL', 'Marshall Islands');
INSERT INTO `remittance`.`selected_field` (`selected_field_id`, `api_field_id`, `selected_field_code`, `selected_field_value`) VALUES (689, 38, 'MTQ', 'Martinique');
INSERT INTO `remittance`.`selected_field` (`selected_field_id`, `api_field_id`, `selected_field_code`, `selected_field_value`) VALUES (690, 38, 'MRT', 'Mauritania');
INSERT INTO `remittance`.`selected_field` (`selected_field_id`, `api_field_id`, `selected_field_code`, `selected_field_value`) VALUES (691, 38, 'MUS', 'Mauritius');
INSERT INTO `remittance`.`selected_field` (`selected_field_id`, `api_field_id`, `selected_field_code`, `selected_field_value`) VALUES (692, 38, 'MEX', 'Mexico');
INSERT INTO `remittance`.`selected_field` (`selected_field_id`, `api_field_id`, `selected_field_code`, `selected_field_value`) VALUES (693, 38, 'FSM', 'Micronesia (Federated States of)');
INSERT INTO `remittance`.`selected_field` (`selected_field_id`, `api_field_id`, `selected_field_code`, `selected_field_value`) VALUES (694, 38, 'MDA', 'Moldova (Republic of)');
INSERT INTO `remittance`.`selected_field` (`selected_field_id`, `api_field_id`, `selected_field_code`, `selected_field_value`) VALUES (695, 38, 'MNG', 'Mongolia');
INSERT INTO `remittance`.`selected_field` (`selected_field_id`, `api_field_id`, `selected_field_code`, `selected_field_value`) VALUES (696, 38, 'MNE', 'Montenegro');
INSERT INTO `remittance`.`selected_field` (`selected_field_id`, `api_field_id`, `selected_field_code`, `selected_field_value`) VALUES (697, 38, 'MSR', 'Montserrat');
INSERT INTO `remittance`.`selected_field` (`selected_field_id`, `api_field_id`, `selected_field_code`, `selected_field_value`) VALUES (698, 38, 'MCO', 'Monaco');
INSERT INTO `remittance`.`selected_field` (`selected_field_id`, `api_field_id`, `selected_field_code`, `selected_field_value`) VALUES (699, 38, 'MAR', 'Morocco');
INSERT INTO `remittance`.`selected_field` (`selected_field_id`, `api_field_id`, `selected_field_code`, `selected_field_value`) VALUES (700, 38, 'BWA', 'Botswana');
INSERT INTO `remittance`.`selected_field` (`selected_field_id`, `api_field_id`, `selected_field_code`, `selected_field_value`) VALUES (701, 38, 'MOZ', 'Mozambique');
INSERT INTO `remittance`.`selected_field` (`selected_field_id`, `api_field_id`, `selected_field_code`, `selected_field_value`) VALUES (702, 38, 'NAM', 'Namibia');
INSERT INTO `remittance`.`selected_field` (`selected_field_id`, `api_field_id`, `selected_field_code`, `selected_field_value`) VALUES (703, 38, 'NRU', 'Nauru');
INSERT INTO `remittance`.`selected_field` (`selected_field_id`, `api_field_id`, `selected_field_code`, `selected_field_value`) VALUES (704, 38, 'NPL', 'Nepal');
INSERT INTO `remittance`.`selected_field` (`selected_field_id`, `api_field_id`, `selected_field_code`, `selected_field_value`) VALUES (705, 38, 'NCL', 'New Caledonia');
INSERT INTO `remittance`.`selected_field` (`selected_field_id`, `api_field_id`, `selected_field_code`, `selected_field_value`) VALUES (706, 38, 'NZL', 'New Zealand');
INSERT INTO `remittance`.`selected_field` (`selected_field_id`, `api_field_id`, `selected_field_code`, `selected_field_value`) VALUES (707, 38, 'VUT', 'Vanuatu');
INSERT INTO `remittance`.`selected_field` (`selected_field_id`, `api_field_id`, `selected_field_code`, `selected_field_value`) VALUES (708, 38, 'NIC', 'Nicaragua');
INSERT INTO `remittance`.`selected_field` (`selected_field_id`, `api_field_id`, `selected_field_code`, `selected_field_value`) VALUES (709, 38, 'NGA', 'Nigeria');
INSERT INTO `remittance`.`selected_field` (`selected_field_id`, `api_field_id`, `selected_field_code`, `selected_field_value`) VALUES (710, 38, 'NER', 'Niger');
INSERT INTO `remittance`.`selected_field` (`selected_field_id`, `api_field_id`, `selected_field_code`, `selected_field_value`) VALUES (711, 38, 'NIU', 'Niue');
INSERT INTO `remittance`.`selected_field` (`selected_field_id`, `api_field_id`, `selected_field_code`, `selected_field_value`) VALUES (712, 38, 'NFK', 'Norfolk Island');
INSERT INTO `remittance`.`selected_field` (`selected_field_id`, `api_field_id`, `selected_field_code`, `selected_field_value`) VALUES (713, 38, 'PRK', 'Korea (Democratic People\'s Republic of)');
INSERT INTO `remittance`.`selected_field` (`selected_field_id`, `api_field_id`, `selected_field_code`, `selected_field_value`) VALUES (714, 38, 'MNP', 'Northern Mariana Islands');
INSERT INTO `remittance`.`selected_field` (`selected_field_id`, `api_field_id`, `selected_field_code`, `selected_field_value`) VALUES (715, 38, 'NOR', 'Norway');
INSERT INTO `remittance`.`selected_field` (`selected_field_id`, `api_field_id`, `selected_field_code`, `selected_field_value`) VALUES (716, 38, 'OMN', 'Oman');
INSERT INTO `remittance`.`selected_field` (`selected_field_id`, `api_field_id`, `selected_field_code`, `selected_field_value`) VALUES (717, 38, 'PAK', 'Pakistan');
INSERT INTO `remittance`.`selected_field` (`selected_field_id`, `api_field_id`, `selected_field_code`, `selected_field_value`) VALUES (718, 38, 'PLW', 'Palau');
INSERT INTO `remittance`.`selected_field` (`selected_field_id`, `api_field_id`, `selected_field_code`, `selected_field_value`) VALUES (719, 38, 'PSE', 'Palestine State of');
INSERT INTO `remittance`.`selected_field` (`selected_field_id`, `api_field_id`, `selected_field_code`, `selected_field_value`) VALUES (720, 38, 'PAN', 'Panama');
INSERT INTO `remittance`.`selected_field` (`selected_field_id`, `api_field_id`, `selected_field_code`, `selected_field_value`) VALUES (721, 38, 'PNG', 'Papua New Guinea');
INSERT INTO `remittance`.`selected_field` (`selected_field_id`, `api_field_id`, `selected_field_code`, `selected_field_value`) VALUES (722, 38, 'PRY', 'Paraguay');
INSERT INTO `remittance`.`selected_field` (`selected_field_id`, `api_field_id`, `selected_field_code`, `selected_field_value`) VALUES (723, 38, 'PER', 'Peru');
INSERT INTO `remittance`.`selected_field` (`selected_field_id`, `api_field_id`, `selected_field_code`, `selected_field_value`) VALUES (724, 38, 'PHL', 'Philippines');
INSERT INTO `remittance`.`selected_field` (`selected_field_id`, `api_field_id`, `selected_field_code`, `selected_field_value`) VALUES (725, 38, 'PCN', 'Pitcairn');
INSERT INTO `remittance`.`selected_field` (`selected_field_id`, `api_field_id`, `selected_field_code`, `selected_field_value`) VALUES (726, 38, 'POL', 'Poland');
INSERT INTO `remittance`.`selected_field` (`selected_field_id`, `api_field_id`, `selected_field_code`, `selected_field_value`) VALUES (727, 38, 'PRT', 'Portugal');
INSERT INTO `remittance`.`selected_field` (`selected_field_id`, `api_field_id`, `selected_field_code`, `selected_field_value`) VALUES (728, 38, 'PRI', 'Puerto Rico');
INSERT INTO `remittance`.`selected_field` (`selected_field_id`, `api_field_id`, `selected_field_code`, `selected_field_value`) VALUES (729, 38, 'QAT', 'Qatar');
INSERT INTO `remittance`.`selected_field` (`selected_field_id`, `api_field_id`, `selected_field_code`, `selected_field_value`) VALUES (730, 38, 'ROU', 'Romania');
INSERT INTO `remittance`.`selected_field` (`selected_field_id`, `api_field_id`, `selected_field_code`, `selected_field_value`) VALUES (731, 38, 'RUS', 'Russian Federation');
INSERT INTO `remittance`.`selected_field` (`selected_field_id`, `api_field_id`, `selected_field_code`, `selected_field_value`) VALUES (732, 38, 'RWA', 'Rwanda');
INSERT INTO `remittance`.`selected_field` (`selected_field_id`, `api_field_id`, `selected_field_code`, `selected_field_value`) VALUES (733, 38, 'REU', 'Réunion');
INSERT INTO `remittance`.`selected_field` (`selected_field_id`, `api_field_id`, `selected_field_code`, `selected_field_value`) VALUES (734, 38, 'ESH', 'Western Sahara');
INSERT INTO `remittance`.`selected_field` (`selected_field_id`, `api_field_id`, `selected_field_code`, `selected_field_value`) VALUES (735, 38, 'SHN', 'Saint Helena Ascension and Tristan da Cunha');
INSERT INTO `remittance`.`selected_field` (`selected_field_id`, `api_field_id`, `selected_field_code`, `selected_field_value`) VALUES (736, 38, 'LCA', 'Saint Lucia');
INSERT INTO `remittance`.`selected_field` (`selected_field_id`, `api_field_id`, `selected_field_code`, `selected_field_value`) VALUES (737, 38, 'VCT', 'Saint Vincent and the Grenadines');
INSERT INTO `remittance`.`selected_field` (`selected_field_id`, `api_field_id`, `selected_field_code`, `selected_field_value`) VALUES (738, 38, 'MAF', 'Saint Martin (French part)');
INSERT INTO `remittance`.`selected_field` (`selected_field_id`, `api_field_id`, `selected_field_code`, `selected_field_value`) VALUES (739, 38, 'SPM', 'Saint Pierre and Miquelon');
INSERT INTO `remittance`.`selected_field` (`selected_field_id`, `api_field_id`, `selected_field_code`, `selected_field_value`) VALUES (740, 38, 'SLV', 'El Salvador');
INSERT INTO `remittance`.`selected_field` (`selected_field_id`, `api_field_id`, `selected_field_code`, `selected_field_value`) VALUES (741, 38, 'SMR', 'San Marino');
INSERT INTO `remittance`.`selected_field` (`selected_field_id`, `api_field_id`, `selected_field_code`, `selected_field_value`) VALUES (742, 38, 'WSM', 'Samoa');
INSERT INTO `remittance`.`selected_field` (`selected_field_id`, `api_field_id`, `selected_field_code`, `selected_field_value`) VALUES (743, 38, 'SAU', 'Saudi Arabia');
INSERT INTO `remittance`.`selected_field` (`selected_field_id`, `api_field_id`, `selected_field_code`, `selected_field_value`) VALUES (744, 38, 'SEN', 'Senegal');
INSERT INTO `remittance`.`selected_field` (`selected_field_id`, `api_field_id`, `selected_field_code`, `selected_field_value`) VALUES (745, 38, 'SRB', 'Serbia');
INSERT INTO `remittance`.`selected_field` (`selected_field_id`, `api_field_id`, `selected_field_code`, `selected_field_value`) VALUES (746, 38, 'SYC', 'Seychelles');
INSERT INTO `remittance`.`selected_field` (`selected_field_id`, `api_field_id`, `selected_field_code`, `selected_field_value`) VALUES (747, 38, 'SLE', 'Sierra Leone');
INSERT INTO `remittance`.`selected_field` (`selected_field_id`, `api_field_id`, `selected_field_code`, `selected_field_value`) VALUES (748, 38, 'SXM', 'Sint Maarten (Dutch part)');
INSERT INTO `remittance`.`selected_field` (`selected_field_id`, `api_field_id`, `selected_field_code`, `selected_field_value`) VALUES (749, 38, 'SVK', 'Slovakia');
INSERT INTO `remittance`.`selected_field` (`selected_field_id`, `api_field_id`, `selected_field_code`, `selected_field_value`) VALUES (750, 38, 'SVN', 'Slovenia');
INSERT INTO `remittance`.`selected_field` (`selected_field_id`, `api_field_id`, `selected_field_code`, `selected_field_value`) VALUES (751, 38, 'SLB', 'Solomon Islands');
INSERT INTO `remittance`.`selected_field` (`selected_field_id`, `api_field_id`, `selected_field_code`, `selected_field_value`) VALUES (752, 38, 'SOM', 'Somalia');
INSERT INTO `remittance`.`selected_field` (`selected_field_id`, `api_field_id`, `selected_field_code`, `selected_field_value`) VALUES (753, 38, 'ZAF', 'South Africa');
INSERT INTO `remittance`.`selected_field` (`selected_field_id`, `api_field_id`, `selected_field_code`, `selected_field_value`) VALUES (754, 38, 'SGS', 'South Georgia and the South Sandwich Islands');
INSERT INTO `remittance`.`selected_field` (`selected_field_id`, `api_field_id`, `selected_field_code`, `selected_field_value`) VALUES (755, 38, 'KOR', 'Korea (Republic of)');
INSERT INTO `remittance`.`selected_field` (`selected_field_id`, `api_field_id`, `selected_field_code`, `selected_field_value`) VALUES (756, 38, 'SSD', 'South Sudan');
INSERT INTO `remittance`.`selected_field` (`selected_field_id`, `api_field_id`, `selected_field_code`, `selected_field_value`) VALUES (757, 38, 'ESP', 'Spain');
INSERT INTO `remittance`.`selected_field` (`selected_field_id`, `api_field_id`, `selected_field_code`, `selected_field_value`) VALUES (758, 38, 'LKA', 'Sri Lanka');
INSERT INTO `remittance`.`selected_field` (`selected_field_id`, `api_field_id`, `selected_field_code`, `selected_field_value`) VALUES (759, 38, 'SDN', 'Sudan');
INSERT INTO `remittance`.`selected_field` (`selected_field_id`, `api_field_id`, `selected_field_code`, `selected_field_value`) VALUES (760, 38, 'SUR', 'Suriname');
INSERT INTO `remittance`.`selected_field` (`selected_field_id`, `api_field_id`, `selected_field_code`, `selected_field_value`) VALUES (761, 38, 'SJM', 'Svalbard and Jan Mayen');
INSERT INTO `remittance`.`selected_field` (`selected_field_id`, `api_field_id`, `selected_field_code`, `selected_field_value`) VALUES (762, 38, 'SWZ', 'Swaziland');
INSERT INTO `remittance`.`selected_field` (`selected_field_id`, `api_field_id`, `selected_field_code`, `selected_field_value`) VALUES (763, 38, 'SWE', 'Sweden');
INSERT INTO `remittance`.`selected_field` (`selected_field_id`, `api_field_id`, `selected_field_code`, `selected_field_value`) VALUES (764, 38, 'CHE', 'Switzerland');
INSERT INTO `remittance`.`selected_field` (`selected_field_id`, `api_field_id`, `selected_field_code`, `selected_field_value`) VALUES (765, 38, 'SYR', 'Syrian Arab Republic');
INSERT INTO `remittance`.`selected_field` (`selected_field_id`, `api_field_id`, `selected_field_code`, `selected_field_value`) VALUES (766, 38, 'STP', 'Sao Tome and Principe');
INSERT INTO `remittance`.`selected_field` (`selected_field_id`, `api_field_id`, `selected_field_code`, `selected_field_value`) VALUES (767, 38, 'TJK', 'Tajikistan');
INSERT INTO `remittance`.`selected_field` (`selected_field_id`, `api_field_id`, `selected_field_code`, `selected_field_value`) VALUES (768, 38, 'TZA', 'Tanzania United Republic of');
INSERT INTO `remittance`.`selected_field` (`selected_field_id`, `api_field_id`, `selected_field_code`, `selected_field_value`) VALUES (769, 38, 'THA', 'Thailand');
INSERT INTO `remittance`.`selected_field` (`selected_field_id`, `api_field_id`, `selected_field_code`, `selected_field_value`) VALUES (770, 38, 'TLS', 'Timor-Leste');
INSERT INTO `remittance`.`selected_field` (`selected_field_id`, `api_field_id`, `selected_field_code`, `selected_field_value`) VALUES (771, 38, 'TGO', 'Togo');
INSERT INTO `remittance`.`selected_field` (`selected_field_id`, `api_field_id`, `selected_field_code`, `selected_field_value`) VALUES (772, 38, 'TKL', 'Tokelau');
INSERT INTO `remittance`.`selected_field` (`selected_field_id`, `api_field_id`, `selected_field_code`, `selected_field_value`) VALUES (773, 38, 'TON', 'Tonga');
INSERT INTO `remittance`.`selected_field` (`selected_field_id`, `api_field_id`, `selected_field_code`, `selected_field_value`) VALUES (774, 38, 'TTO', 'Trinidad and Tobago');
INSERT INTO `remittance`.`selected_field` (`selected_field_id`, `api_field_id`, `selected_field_code`, `selected_field_value`) VALUES (775, 38, 'TUN', 'Tunisia');
INSERT INTO `remittance`.`selected_field` (`selected_field_id`, `api_field_id`, `selected_field_code`, `selected_field_value`) VALUES (776, 38, 'TUR', 'Turkey');
INSERT INTO `remittance`.`selected_field` (`selected_field_id`, `api_field_id`, `selected_field_code`, `selected_field_value`) VALUES (777, 38, 'TKM', 'Turkmenistan');
INSERT INTO `remittance`.`selected_field` (`selected_field_id`, `api_field_id`, `selected_field_code`, `selected_field_value`) VALUES (778, 38, 'TCA', 'Turks and Caicos Islands');
INSERT INTO `remittance`.`selected_field` (`selected_field_id`, `api_field_id`, `selected_field_code`, `selected_field_value`) VALUES (779, 38, 'TUV', 'Tuvalu');
INSERT INTO `remittance`.`selected_field` (`selected_field_id`, `api_field_id`, `selected_field_code`, `selected_field_value`) VALUES (780, 38, 'VIR', 'Virgin Islands (U.S.)');
INSERT INTO `remittance`.`selected_field` (`selected_field_id`, `api_field_id`, `selected_field_code`, `selected_field_value`) VALUES (781, 38, 'UGA', 'Uganda');
INSERT INTO `remittance`.`selected_field` (`selected_field_id`, `api_field_id`, `selected_field_code`, `selected_field_value`) VALUES (782, 38, 'UKR', 'Ukraine');
INSERT INTO `remittance`.`selected_field` (`selected_field_id`, `api_field_id`, `selected_field_code`, `selected_field_value`) VALUES (783, 38, 'URY', 'Uruguay');
INSERT INTO `remittance`.`selected_field` (`selected_field_id`, `api_field_id`, `selected_field_code`, `selected_field_value`) VALUES (784, 38, 'UZB', 'Uzbekistan');
INSERT INTO `remittance`.`selected_field` (`selected_field_id`, `api_field_id`, `selected_field_code`, `selected_field_value`) VALUES (785, 38, 'VAT', 'Vatican City State');
INSERT INTO `remittance`.`selected_field` (`selected_field_id`, `api_field_id`, `selected_field_code`, `selected_field_value`) VALUES (786, 38, 'VEN', 'Venezuela (Bolivarian Republic of)');
INSERT INTO `remittance`.`selected_field` (`selected_field_id`, `api_field_id`, `selected_field_code`, `selected_field_value`) VALUES (787, 38, 'VNM', 'Vietnam');
INSERT INTO `remittance`.`selected_field` (`selected_field_id`, `api_field_id`, `selected_field_code`, `selected_field_value`) VALUES (788, 38, 'WLF', 'Wallis and Futuna');
INSERT INTO `remittance`.`selected_field` (`selected_field_id`, `api_field_id`, `selected_field_code`, `selected_field_value`) VALUES (789, 38, 'YEM', 'Yemen');
INSERT INTO `remittance`.`selected_field` (`selected_field_id`, `api_field_id`, `selected_field_code`, `selected_field_value`) VALUES (790, 38, 'ZMB', 'Zambia');
INSERT INTO `remittance`.`selected_field` (`selected_field_id`, `api_field_id`, `selected_field_code`, `selected_field_value`) VALUES (791, 38, 'ZWE', 'Zimbabwe');
INSERT INTO `remittance`.`selected_field` (`selected_field_id`, `api_field_id`, `selected_field_code`, `selected_field_value`) VALUES (792, 38, 'ALA', 'Åland Islands');
INSERT INTO `remittance`.`selected_field` (`selected_field_id`, `api_field_id`, `selected_field_code`, `selected_field_value`) VALUES (793, 47, '01', 'Bank Deposit');
INSERT INTO `remittance`.`selected_field` (`selected_field_id`, `api_field_id`, `selected_field_code`, `selected_field_value`) VALUES (794, 47, '02', 'Grant from family or friends');
INSERT INTO `remittance`.`selected_field` (`selected_field_id`, `api_field_id`, `selected_field_code`, `selected_field_value`) VALUES (795, 47, '03', 'Redemption of Investment products');
INSERT INTO `remittance`.`selected_field` (`selected_field_id`, `api_field_id`, `selected_field_code`, `selected_field_value`) VALUES (796, 47, '04', 'Allowance for family maintenance');
INSERT INTO `remittance`.`selected_field` (`selected_field_id`, `api_field_id`, `selected_field_code`, `selected_field_value`) VALUES (797, 47, '05', 'Loan');
INSERT INTO `remittance`.`selected_field` (`selected_field_id`, `api_field_id`, `selected_field_code`, `selected_field_value`) VALUES (798, 47, '06', 'Salary');
INSERT INTO `remittance`.`selected_field` (`selected_field_id`, `api_field_id`, `selected_field_code`, `selected_field_value`) VALUES (799, 47, '07', 'Real estate');
INSERT INTO `remittance`.`selected_field` (`selected_field_id`, `api_field_id`, `selected_field_code`, `selected_field_value`) VALUES (800, 47, '08', 'Revenue');
INSERT INTO `remittance`.`selected_field` (`selected_field_id`, `api_field_id`, `selected_field_code`, `selected_field_value`) VALUES (801, 51, '1', 'National ID');
INSERT INTO `remittance`.`selected_field` (`selected_field_id`, `api_field_id`, `selected_field_code`, `selected_field_value`) VALUES (802, 51, '2', 'Passport');
INSERT INTO `remittance`.`selected_field` (`selected_field_id`, `api_field_id`, `selected_field_code`, `selected_field_value`) VALUES (803, 58, '1', 'National ID');
INSERT INTO `remittance`.`selected_field` (`selected_field_id`, `api_field_id`, `selected_field_code`, `selected_field_value`) VALUES (804, 58, '2', 'Passport');
INSERT INTO `remittance`.`selected_field` (`selected_field_id`, `api_field_id`, `selected_field_code`, `selected_field_value`) VALUES (805, 70, '02', 'Business and investment');
INSERT INTO `remittance`.`selected_field` (`selected_field_id`, `api_field_id`, `selected_field_code`, `selected_field_value`) VALUES (806, 70, '07', 'Cryptocurrency or other Digital Payment Tokens');
INSERT INTO `remittance`.`selected_field` (`selected_field_id`, `api_field_id`, `selected_field_code`, `selected_field_value`) VALUES (807, 70, '06', 'Donation');
INSERT INTO `remittance`.`selected_field` (`selected_field_id`, `api_field_id`, `selected_field_code`, `selected_field_value`) VALUES (808, 70, '04', 'Friends and family');
INSERT INTO `remittance`.`selected_field` (`selected_field_id`, `api_field_id`, `selected_field_code`, `selected_field_value`) VALUES (809, 70, '99', 'Other');
INSERT INTO `remittance`.`selected_field` (`selected_field_id`, `api_field_id`, `selected_field_code`, `selected_field_value`) VALUES (810, 70, '01', 'Salary to include any work related compensation and pensions');

COMMIT;


-- -----------------------------------------------------
-- Data for table `remittance`.`field_mapping`
-- -----------------------------------------------------
START TRANSACTION;
USE `remittance`;
INSERT INTO `remittance`.`field_mapping` (`api_field_id`, `corporate_field_id`) VALUES (1, 2);
INSERT INTO `remittance`.`field_mapping` (`api_field_id`, `corporate_field_id`) VALUES (10, 3);
INSERT INTO `remittance`.`field_mapping` (`api_field_id`, `corporate_field_id`) VALUES (15, 4);
INSERT INTO `remittance`.`field_mapping` (`api_field_id`, `corporate_field_id`) VALUES (17, 5);
INSERT INTO `remittance`.`field_mapping` (`api_field_id`, `corporate_field_id`) VALUES (18, 6);
INSERT INTO `remittance`.`field_mapping` (`api_field_id`, `corporate_field_id`) VALUES (6, 7);
INSERT INTO `remittance`.`field_mapping` (`api_field_id`, `corporate_field_id`) VALUES (19, 8);
INSERT INTO `remittance`.`field_mapping` (`api_field_id`, `corporate_field_id`) VALUES (21, 9);
INSERT INTO `remittance`.`field_mapping` (`api_field_id`, `corporate_field_id`) VALUES (4, 11);
INSERT INTO `remittance`.`field_mapping` (`api_field_id`, `corporate_field_id`) VALUES (1, 14);
INSERT INTO `remittance`.`field_mapping` (`api_field_id`, `corporate_field_id`) VALUES (10, 15);
INSERT INTO `remittance`.`field_mapping` (`api_field_id`, `corporate_field_id`) VALUES (15, 16);
INSERT INTO `remittance`.`field_mapping` (`api_field_id`, `corporate_field_id`) VALUES (17, 17);
INSERT INTO `remittance`.`field_mapping` (`api_field_id`, `corporate_field_id`) VALUES (18, 18);
INSERT INTO `remittance`.`field_mapping` (`api_field_id`, `corporate_field_id`) VALUES (24, 19);
INSERT INTO `remittance`.`field_mapping` (`api_field_id`, `corporate_field_id`) VALUES (19, 20);
INSERT INTO `remittance`.`field_mapping` (`api_field_id`, `corporate_field_id`) VALUES (21, 21);
INSERT INTO `remittance`.`field_mapping` (`api_field_id`, `corporate_field_id`) VALUES (1, 24);
INSERT INTO `remittance`.`field_mapping` (`api_field_id`, `corporate_field_id`) VALUES (4, 25);
INSERT INTO `remittance`.`field_mapping` (`api_field_id`, `corporate_field_id`) VALUES (21, 26);
INSERT INTO `remittance`.`field_mapping` (`api_field_id`, `corporate_field_id`) VALUES (17, 27);
INSERT INTO `remittance`.`field_mapping` (`api_field_id`, `corporate_field_id`) VALUES (18, 28);
INSERT INTO `remittance`.`field_mapping` (`api_field_id`, `corporate_field_id`) VALUES (6, 29);
INSERT INTO `remittance`.`field_mapping` (`api_field_id`, `corporate_field_id`) VALUES (19, 30);
INSERT INTO `remittance`.`field_mapping` (`api_field_id`, `corporate_field_id`) VALUES (10, 31);
INSERT INTO `remittance`.`field_mapping` (`api_field_id`, `corporate_field_id`) VALUES (4, 32);
INSERT INTO `remittance`.`field_mapping` (`api_field_id`, `corporate_field_id`) VALUES (44, 2);
INSERT INTO `remittance`.`field_mapping` (`api_field_id`, `corporate_field_id`) VALUES (39, 3);
INSERT INTO `remittance`.`field_mapping` (`api_field_id`, `corporate_field_id`) VALUES (26, 4);
INSERT INTO `remittance`.`field_mapping` (`api_field_id`, `corporate_field_id`) VALUES (28, 5);
INSERT INTO `remittance`.`field_mapping` (`api_field_id`, `corporate_field_id`) VALUES (29, 6);
INSERT INTO `remittance`.`field_mapping` (`api_field_id`, `corporate_field_id`) VALUES (37, 7);
INSERT INTO `remittance`.`field_mapping` (`api_field_id`, `corporate_field_id`) VALUES (33, 8);
INSERT INTO `remittance`.`field_mapping` (`api_field_id`, `corporate_field_id`) VALUES (31, 9);
INSERT INTO `remittance`.`field_mapping` (`api_field_id`, `corporate_field_id`) VALUES (48, 11);
INSERT INTO `remittance`.`field_mapping` (`api_field_id`, `corporate_field_id`) VALUES (44, 14);
INSERT INTO `remittance`.`field_mapping` (`api_field_id`, `corporate_field_id`) VALUES (39, 15);
INSERT INTO `remittance`.`field_mapping` (`api_field_id`, `corporate_field_id`) VALUES (26, 16);
INSERT INTO `remittance`.`field_mapping` (`api_field_id`, `corporate_field_id`) VALUES (28, 17);
INSERT INTO `remittance`.`field_mapping` (`api_field_id`, `corporate_field_id`) VALUES (29, 18);
INSERT INTO `remittance`.`field_mapping` (`api_field_id`, `corporate_field_id`) VALUES (37, 19);
INSERT INTO `remittance`.`field_mapping` (`api_field_id`, `corporate_field_id`) VALUES (33, 20);
INSERT INTO `remittance`.`field_mapping` (`api_field_id`, `corporate_field_id`) VALUES (31, 21);
INSERT INTO `remittance`.`field_mapping` (`api_field_id`, `corporate_field_id`) VALUES (44, 24);
INSERT INTO `remittance`.`field_mapping` (`api_field_id`, `corporate_field_id`) VALUES (26, 25);
INSERT INTO `remittance`.`field_mapping` (`api_field_id`, `corporate_field_id`) VALUES (31, 26);
INSERT INTO `remittance`.`field_mapping` (`api_field_id`, `corporate_field_id`) VALUES (28, 27);
INSERT INTO `remittance`.`field_mapping` (`api_field_id`, `corporate_field_id`) VALUES (29, 28);
INSERT INTO `remittance`.`field_mapping` (`api_field_id`, `corporate_field_id`) VALUES (37, 29);
INSERT INTO `remittance`.`field_mapping` (`api_field_id`, `corporate_field_id`) VALUES (32, 30);
INSERT INTO `remittance`.`field_mapping` (`api_field_id`, `corporate_field_id`) VALUES (48, 32);
INSERT INTO `remittance`.`field_mapping` (`api_field_id`, `corporate_field_id`) VALUES (25, 33);
INSERT INTO `remittance`.`field_mapping` (`api_field_id`, `corporate_field_id`) VALUES (64, 2);
INSERT INTO `remittance`.`field_mapping` (`api_field_id`, `corporate_field_id`) VALUES (58, 3);
INSERT INTO `remittance`.`field_mapping` (`api_field_id`, `corporate_field_id`) VALUES (54, 4);
INSERT INTO `remittance`.`field_mapping` (`api_field_id`, `corporate_field_id`) VALUES (49, 5);
INSERT INTO `remittance`.`field_mapping` (`api_field_id`, `corporate_field_id`) VALUES (50, 6);
INSERT INTO `remittance`.`field_mapping` (`api_field_id`, `corporate_field_id`) VALUES (51, 8);
INSERT INTO `remittance`.`field_mapping` (`api_field_id`, `corporate_field_id`) VALUES (56, 9);
INSERT INTO `remittance`.`field_mapping` (`api_field_id`, `corporate_field_id`) VALUES (57, 11);
INSERT INTO `remittance`.`field_mapping` (`api_field_id`, `corporate_field_id`) VALUES (64, 14);
INSERT INTO `remittance`.`field_mapping` (`api_field_id`, `corporate_field_id`) VALUES (58, 15);
INSERT INTO `remittance`.`field_mapping` (`api_field_id`, `corporate_field_id`) VALUES (54, 16);
INSERT INTO `remittance`.`field_mapping` (`api_field_id`, `corporate_field_id`) VALUES (49, 17);
INSERT INTO `remittance`.`field_mapping` (`api_field_id`, `corporate_field_id`) VALUES (50, 18);
INSERT INTO `remittance`.`field_mapping` (`api_field_id`, `corporate_field_id`) VALUES (51, 20);
INSERT INTO `remittance`.`field_mapping` (`api_field_id`, `corporate_field_id`) VALUES (56, 21);
INSERT INTO `remittance`.`field_mapping` (`api_field_id`, `corporate_field_id`) VALUES (57, 22);
INSERT INTO `remittance`.`field_mapping` (`api_field_id`, `corporate_field_id`) VALUES (54, 25);
INSERT INTO `remittance`.`field_mapping` (`api_field_id`, `corporate_field_id`) VALUES (56, 26);
INSERT INTO `remittance`.`field_mapping` (`api_field_id`, `corporate_field_id`) VALUES (49, 27);
INSERT INTO `remittance`.`field_mapping` (`api_field_id`, `corporate_field_id`) VALUES (50, 28);
INSERT INTO `remittance`.`field_mapping` (`api_field_id`, `corporate_field_id`) VALUES (51, 30);
INSERT INTO `remittance`.`field_mapping` (`api_field_id`, `corporate_field_id`) VALUES (58, 31);
INSERT INTO `remittance`.`field_mapping` (`api_field_id`, `corporate_field_id`) VALUES (57, 32);

COMMIT;

